Zugelassene Kraftfahrzeuge (absolut und pro 1.000 EinwohnerInnen) zu Jahresende seit 2002 - Bezirke Wien | Registered vehicles (absolute and per 1.000 inhabitants) at the end of the year since 2002 - districts of Vienna;;;;;;;;;;;;;;;;
NUTS;DISTRICT_CODE;SUB_DISTRICT_CODE;REF_YEAR;REF_DATE;PKW_VALUE;BUS_VALUE;LKW_VALUE;TRA_VALUE;OTH_VALUE;BIK_VALUE;PKW_DENSITY;BUS_DENSITY;LKW_DENSITY;TRA_DENSITY;OTH_DENSITY;BIK_DENSITY
AT13;90000;90000;2002;20021231;647.382;3.641;58.132;3.212;4.993;67.505;409,00;2,30;36,73;2,03;3,15;42,65
AT13;90100;90100;2002;20021231;15.892;124;1.564;90;270;880;902,95;7,05;88,86;5,11;15,34;50,00
AT13;90200;90200;2002;20021231;30.927;8;2.118;70;195;3.136;345,52;0,09;23,66;0,78;2,18;35,04
AT13;90300;90300;2002;20021231;35.351;333;3.562;217;462;3.032;429,54;4,05;43,28;2,64;5,61;36,84
AT13;90400;90400;2002;20021231;13.247;190;1.203;61;132;1.090;453,35;6,50;41,17;2,09;4,52;37,30
AT13;90500;90500;2002;20021231;18.144;2;1.854;221;194;1.780;361,60;0,04;36,95;4,40;3,87;35,47
AT13;90600;90600;2002;20021231;11.852;8;975;43;87;1.205;412,63;0,28;33,95;1,50;3,03;41,95
AT13;90700;90700;2002;20021231;11.474;6;985;22;68;1.189;396,28;0,21;34,02;0,76;2,35;41,06
AT13;90800;90800;2002;20021231;8.952;7;700;14;48;922;394,40;0,31;30,84;0,62;2,11;40,62
AT13;90900;90900;2002;20021231;16.519;4;1.332;17;103;1.523;432,26;0,10;34,86;0,44;2,70;39,85
AT13;91000;91000;2002;20021231;59.194;20;4.164;241;345;5.794;382,64;0,13;26,92;1,56;2,23;37,45
AT13;91100;91100;2002;20021231;31.255;1;2.553;240;175;3.611;391,57;0,01;31,98;3,01;2,19;45,24
AT13;91200;91200;2002;20021231;29.470;33;2.303;115;153;2.971;369,90;0,41;28,91;1,44;1,92;37,29
AT13;91300;91300;2002;20021231;23.152;2;1.025;78;169;2.189;458,26;0,04;20,29;1,54;3,35;43,33
AT13;91400;91400;2002;20021231;31.956;10;1.874;89;217;3.405;401,37;0,13;23,54;1,12;2,73;42,77
AT13;91500;91500;2002;20021231;22.631;5;2.272;100;255;2.239;333,85;0,07;33,52;1,48;3,76;33,03
AT13;91600;91600;2002;20021231;30.917;3;2.441;80;199;3.312;348,50;0,03;27,52;0,90;2,24;37,33
AT13;91700;91700;2002;20021231;18.148;1;1.397;67;127;1.909;369,47;0,02;28,44;1,36;2,59;38,86
AT13;91800;91800;2002;20021231;18.021;12;987;28;91;1.885;393,87;0,26;21,57;0,61;1,99;41,20
AT13;91900;91900;2002;20021231;28.740;2;1.676;167;136;2.692;436,81;0,03;25,47;2,54;2,07;40,91
AT13;92000;92000;2002;20021231;25.987;421;1.458;49;108;2.368;334,41;5,42;18,76;0,63;1,39;30,47
AT13;92100;92100;2002;20021231;53.840;42;3.254;301;329;6.029;411,65;0,32;24,88;2,30;2,52;46,10
AT13;92200;92200;2002;20021231;60.036;24;3.424;498;478;7.185;431,08;0,17;24,59;3,58;3,43;51,59
AT13;92300;92300;2002;20021231;44.389;152;5.036;327;405;4.216;515,04;1,76;58,43;3,79;4,70;48,92
AT13;90000;90000;2003;20031231;652.418;3.602;58.396;3.282;4.907;68.358;407,54;2,25;36,48;2,05;3,07;42,70
AT13;90100;90100;2003;20031231;15.837;96;1.550;139;269;887;908,10;5,50;88,88;7,97;15,42;50,86
AT13;90200;90200;2003;20031231;31.453;9;2.105;71;184;3.192;348,17;0,10;23,30;0,79;2,04;35,33
AT13;90300;90300;2003;20031231;35.961;365;3.880;233;448;3.055;436,01;4,43;47,04;2,83;5,43;37,04
AT13;90400;90400;2003;20031231;13.186;158;1.155;62;130;1.105;449,09;5,38;39,34;2,11;4,43;37,63
AT13;90500;90500;2003;20031231;18.121;1;1.814;235;188;1.832;357,52;0,02;35,79;4,64;3,71;36,14
AT13;90600;90600;2003;20031231;11.757;6;936;49;88;1.219;408,09;0,21;32,49;1,70;3,05;42,31
AT13;90700;90700;2003;20031231;11.447;6;938;22;59;1.191;394,74;0,21;32,35;0,76;2,03;41,07
AT13;90800;90800;2003;20031231;8.928;5;674;11;43;967;383,55;0,21;28,96;0,47;1,85;41,54
AT13;90900;90900;2003;20031231;16.524;1;1.316;23;102;1.548;428,87;0,03;34,16;0,60;2,65;40,18
AT13;91000;91000;2003;20031231;59.967;22;4.225;236;353;5.969;380,51;0,14;26,81;1,50;2,24;37,88
AT13;91100;91100;2003;20031231;31.326;2;2.524;247;170;3.654;386,50;0,02;31,14;3,05;2,10;45,08
AT13;91200;91200;2003;20031231;29.572;31;2.273;114;162;3.003;364,32;0,38;28,00;1,40;2,00;37,00
AT13;91300;91300;2003;20031231;23.292;2;1.041;78;162;2.180;458,05;0,04;20,47;1,53;3,19;42,87
AT13;91400;91400;2003;20031231;32.384;11;1.887;97;223;3.433;403,68;0,14;23,52;1,21;2,78;42,79
AT13;91500;91500;2003;20031231;22.766;6;2.277;111;254;2.222;333,54;0,09;33,36;1,63;3,72;32,55
AT13;91600;91600;2003;20031231;31.103;1;2.427;68;201;3.386;347,81;0,01;27,14;0,76;2,25;37,86
AT13;91700;91700;2003;20031231;18.197;4;1.367;74;118;1.957;365,57;0,08;27,46;1,49;2,37;39,32
AT13;91800;91800;2003;20031231;18.127;11;989;32;96;1.947;393,17;0,24;21,45;0,69;2,08;42,23
AT13;91900;91900;2003;20031231;28.815;2;1.663;155;135;2.735;435,17;0,03;25,11;2,34;2,04;41,30
AT13;92000;92000;2003;20031231;26.132;401;1.495;49;108;2.379;330,14;5,07;18,89;0,62;1,36;30,06
AT13;92100;92100;2003;20031231;54.343;36;3.281;321;318;6.133;408,85;0,27;24,68;2,42;2,39;46,14
AT13;92200;92200;2003;20031231;61.171;27;3.533;488;475;7.436;432,50;0,19;24,98;3,45;3,36;52,58
AT13;92300;92300;2003;20031231;44.784;169;5.012;291;394;4.230;516,00;1,95;57,75;3,35;4,54;48,74
AT13;90000;90000;2004;20041231;655.172;3.678;58.322;3.348;4.789;68.800;404,36;2,27;36,00;2,07;2,96;42,46
AT13;90100;90100;2004;20041231;15.656;79;1.545;199;280;892;905,66;4,57;89,37;11,51;16,20;51,60
AT13;90200;90200;2004;20041231;31.716;9;2.236;64;186;3.147;348,30;0,10;24,56;0,70;2,04;34,56
AT13;90300;90300;2004;20041231;35.818;392;3.619;236;418;3.057;429,08;4,70;43,35;2,83;5,01;36,62
AT13;90400;90400;2004;20041231;13.136;119;1.149;53;126;1.114;445,91;4,04;39,00;1,80;4,28;37,82
AT13;90500;90500;2004;20041231;17.996;1;1.851;240;176;1.784;350,20;0,02;36,02;4,67;3,42;34,72
AT13;90600;90600;2004;20041231;11.757;4;944;52;84;1.258;406,42;0,14;32,63;1,80;2,90;43,49
AT13;90700;90700;2004;20041231;11.457;8;912;26;56;1.218;395,75;0,28;31,50;0,90;1,93;42,07
AT13;90800;90800;2004;20041231;8.867;5;652;11;44;967;378,61;0,21;27,84;0,47;1,88;41,29
AT13;90900;90900;2004;20041231;16.416;1;1.338;29;99;1.586;418,74;0,03;34,13;0,74;2,53;40,46
AT13;91000;91000;2004;20041231;60.190;23;4.228;242;341;6.026;373,40;0,14;26,23;1,50;2,12;37,38
AT13;91100;91100;2004;20041231;31.753;2;2.508;250;162;3.670;387,97;0,02;30,64;3,05;1,98;44,84
AT13;91200;91200;2004;20041231;29.715;25;2.319;111;141;3.014;359,56;0,30;28,06;1,34;1,71;36,47
AT13;91300;91300;2004;20041231;23.358;3;1.050;80;156;2.214;456,85;0,06;20,54;1,56;3,05;43,30
AT13;91400;91400;2004;20041231;32.474;11;1.823;95;223;3.460;400,70;0,14;22,49;1,17;2,75;42,69
AT13;91500;91500;2004;20041231;22.614;5;2.211;85;246;2.279;328,14;0,07;32,08;1,23;3,57;33,07
AT13;91600;91600;2004;20041231;31.072;1;2.482;70;210;3.483;342,42;0,01;27,35;0,77;2,31;38,38
AT13;91700;91700;2004;20041231;18.230;4;1.339;97;118;2.011;358,47;0,08;26,33;1,91;2,32;39,54
AT13;91800;91800;2004;20041231;18.183;12;962;35;97;1.986;390,74;0,26;20,67;0,75;2,08;42,68
AT13;91900;91900;2004;20041231;28.918;1;1.645;157;131;2.782;434,15;0,02;24,70;2,36;1,97;41,77
AT13;92000;92000;2004;20041231;26.112;436;1.511;51;108;2.454;325,69;5,44;18,85;0,64;1,35;30,61
AT13;92100;92100;2004;20041231;54.486;40;3.313;319;315;6.176;405,62;0,30;24,66;2,37;2,34;45,98
AT13;92200;92200;2004;20041231;62.267;27;3.577;483;458;7.505;433,06;0,19;24,88;3,36;3,19;52,20
AT13;92300;92300;2004;20041231;45.695;185;5.130;299;404;4.282;523,42;2,12;58,76;3,42;4,63;49,05
AT13;90000;90000;2005;20051231;655.806;3.535;58.506;3.411;4.794;69.428;399,48;2,15;35,64;2,08;2,92;42,29
AT13;90100;90100;2005;20051231;15.953;52;1.561;199;280;906;924,48;3,01;90,46;11,53;16,23;52,50
AT13;90200;90200;2005;20051231;31.890;10;2.375;67;186;3.167;348,09;0,11;25,92;0,73;2,03;34,57
AT13;90300;90300;2005;20051231;36.107;432;3.725;244;409;3.140;429,72;5,14;44,33;2,90;4,87;37,37
AT13;90400;90400;2005;20051231;13.109;88;1.129;63;129;1.114;439,81;2,95;37,88;2,11;4,33;37,38
AT13;90500;90500;2005;20051231;17.796;1;1.881;253;167;1.814;340,56;0,02;36,00;4,84;3,20;34,71
AT13;90600;90600;2005;20051231;11.682;3;914;43;90;1.260;400,03;0,10;31,30;1,47;3,08;43,15
AT13;90700;90700;2005;20051231;11.386;4;865;27;57;1.261;384,17;0,13;29,19;0,91;1,92;42,55
AT13;90800;90800;2005;20051231;8.822;2;715;12;44;1.016;375,53;0,09;30,44;0,51;1,87;43,25
AT13;90900;90900;2005;20051231;16.310;1;1.389;32;98;1.599;414,75;0,03;35,32;0,81;2,49;40,66
AT13;91000;91000;2005;20051231;60.160;23;4.259;260;332;6.187;363,60;0,14;25,74;1,57;2,01;37,39
AT13;91100;91100;2005;20051231;31.608;4;2.615;251;162;3.729;382,49;0,05;31,64;3,04;1,96;45,13
AT13;91200;91200;2005;20051231;29.765;48;2.437;107;143;3.015;354,81;0,57;29,05;1,28;1,70;35,94
AT13;91300;91300;2005;20051231;23.325;2;1.074;87;159;2.235;455,11;0,04;20,96;1,70;3,10;43,61
AT13;91400;91400;2005;20051231;32.429;10;1.770;98;215;3.535;394,54;0,12;21,53;1,19;2,62;43,01
AT13;91500;91500;2005;20051231;22.292;6;2.223;83;247;2.286;318,41;0,09;31,75;1,19;3,53;32,65
AT13;91600;91600;2005;20051231;31.081;3;2.506;80;199;3.499;334,24;0,03;26,95;0,86;2,14;37,63
AT13;91700;91700;2005;20051231;18.253;5;1.306;106;121;2.037;352,10;0,10;25,19;2,04;2,33;39,29
AT13;91800;91800;2005;20051231;18.073;15;938;39;104;2.035;384,70;0,32;19,97;0,83;2,21;43,32
AT13;91900;91900;2005;20051231;28.906;1;1.587;154;122;2.854;430,93;0,01;23,66;2,30;1,82;42,55
AT13;92000;92000;2005;20051231;26.004;427;1.515;48;108;2.492;321,04;5,27;18,70;0,59;1,33;30,77
AT13;92100;92100;2005;20051231;54.606;38;3.385;332;318;6.245;402,65;0,28;24,96;2,45;2,34;46,05
AT13;92200;92200;2005;20051231;63.177;27;3.646;477;469;7.618;433,17;0,19;25,00;3,27;3,22;52,23
AT13;92300;92300;2005;20051231;45.658;161;5.205;287;414;4.389;517,42;1,82;58,99;3,25;4,69;49,74
AT13;90000;90000;2006;20061231;658.081;3.546;58.742;3.417;4.766;71.196;397,24;2,14;35,46;2,06;2,88;42,98
AT13;90100;90100;2006;20061231;16.146;49;1.513;186;281;944;936,16;2,82;87,75;10,79;16,29;54,76
AT13;90200;90200;2006;20061231;31.814;9;2.455;66;184;3.242;341,49;0,10;26,36;0,71;1,98;34,80
AT13;90300;90300;2006;20061231;36.567;444;3.857;252;406;3.187;435,24;5,29;45,91;3,01;4,84;37,93
AT13;90400;90400;2006;20061231;13.052;75;1.131;65;127;1.148;432,98;2,48;37,52;2,17;4,20;38,08
AT13;90500;90500;2006;20061231;17.652;1;1.861;266;162;1.854;337,11;0,02;35,55;5,08;3,10;35,40
AT13;90600;90600;2006;20061231;11.594;3;903;40;89;1.299;394,31;0,10;30,69;1,36;3,03;44,16
AT13;90700;90700;2006;20061231;11.318;4;842;26;55;1.299;378,78;0,15;28,17;0,88;1,85;43,48
AT13;90800;90800;2006;20061231;8.733;2;706;13;45;1.047;369,31;0,07;29,87;0,54;1,92;44,29
AT13;90900;90900;2006;20061231;16.097;2;1.399;32;97;1.638;411,00;0,04;35,71;0,82;2,48;41,82
AT13;91000;91000;2006;20061231;60.431;20;4.303;254;338;6.287;358,83;0,12;25,55;1,51;2,00;37,33
AT13;91100;91100;2006;20061231;31.903;4;2.664;258;161;3.818;385,91;0,05;32,22;3,12;1,94;46,18
AT13;91200;91200;2006;20061231;29.995;55;2.454;108;144;3.093;354,89;0,65;29,04;1,28;1,70;36,59
AT13;91300;91300;2006;20061231;23.231;2;1.037;86;163;2.295;452,79;0,04;20,22;1,67;3,17;44,72
AT13;91400;91400;2006;20061231;32.458;10;1.774;96;214;3.633;390,89;0,12;21,37;1,15;2,57;43,75
AT13;91500;91500;2006;20061231;22.171;6;2.236;79;239;2.349;315,58;0,09;31,83;1,13;3,41;33,44
AT13;91600;91600;2006;20061231;31.054;5;2.517;81;201;3.586;330,56;0,05;26,80;0,86;2,14;38,17
AT13;91700;91700;2006;20061231;18.196;6;1.304;105;116;2.105;346,04;0,11;24,81;2,00;2,21;40,04
AT13;91800;91800;2006;20061231;17.986;14;928;39;103;2.090;380,79;0,30;19,65;0,83;2,17;44,25
AT13;91900;91900;2006;20061231;28.851;1;1.622;156;122;2.942;426,81;0,01;23,99;2,31;1,80;43,52
AT13;92000;92000;2006;20061231;25.945;428;1.535;51;109;2.546;318,86;5,26;18,87;0,63;1,34;31,29
AT13;92100;92100;2006;20061231;54.958;37;3.407;325;314;6.431;401,12;0,27;24,86;2,37;2,29;46,94
AT13;92200;92200;2006;20061231;64.379;24;3.748;485;471;7.907;435,37;0,16;25,35;3,28;3,18;53,47
AT13;92300;92300;2006;20061231;45.944;161;5.316;289;415;4.507;511,74;1,79;59,21;3,22;4,62;50,20
AT13;90000;90000;2007;20071231;657.426;3.604;59.619;3.487;4.737;73.336;394,74;2,16;35,80;2,09;2,84;44,03
AT13;90100;90100;2007;20071231;16.267;46;1.481;176;282;989;956,09;2,69;87,07;10,36;16,56;58,11
AT13;90200;90200;2007;20071231;31.596;9;2.564;67;182;3.334;338,77;0,09;27,49;0,72;1,95;35,74
AT13;90300;90300;2007;20071231;36.864;463;4.034;266;403;3.248;442,19;5,55;48,39;3,19;4,84;38,96
AT13;90400;90400;2007;20071231;12.937;62;1.145;69;124;1.188;428,86;2,05;37,96;2,28;4,12;39,38
AT13;90500;90500;2007;20071231;17.430;1;1.861;284;158;1.903;333,23;0,03;35,59;5,43;3,01;36,37
AT13;90600;90600;2007;20071231;11.455;3;901;38;88;1.344;389,05;0,10;30,59;1,28;2,99;45,66
AT13;90700;90700;2007;20071231;11.200;5;827;26;53;1.344;374,65;0,16;27,68;0,88;1,78;44,97
AT13;90800;90800;2007;20071231;8.604;1;705;14;47;1.084;364,93;0,05;29,90;0,58;1,99;45,98
AT13;90900;90900;2007;20071231;15.811;3;1.423;33;96;1.685;402,87;0,07;36,27;0,84;2,46;42,94
AT13;91000;91000;2007;20071231;60.433;16;4.395;252;343;6.417;354,60;0,10;25,79;1,48;2,01;37,65
AT13;91100;91100;2007;20071231;32.057;4;2.743;269;159;3.927;380,20;0,05;32,53;3,19;1,89;46,57
AT13;91200;91200;2007;20071231;30.092;63;2.498;111;144;3.186;352,89;0,74;29,30;1,30;1,69;37,37
AT13;91300;91300;2007;20071231;23.032;2;1.011;86;166;2.366;449,90;0,03;19,75;1,68;3,25;46,22
AT13;91400;91400;2007;20071231;32.342;9;1.797;95;212;3.750;386,78;0,11;21,50;1,14;2,54;44,85
AT13;91500;91500;2007;20071231;21.951;7;2.274;77;232;2.425;312,35;0,10;32,36;1,09;3,30;34,51
AT13;91600;91600;2007;20071231;30.888;6;2.556;84;202;3.691;328,40;0,06;27,18;0,89;2,15;39,24
AT13;91700;91700;2007;20071231;18.058;7;1.317;106;111;2.185;344,27;0,12;25,11;2,03;2,12;41,67
AT13;91800;91800;2007;20071231;17.819;14;929;40;101;2.156;376,53;0,29;19,62;0,84;2,14;45,57
AT13;91900;91900;2007;20071231;28.666;1;1.675;161;121;3.046;422,51;0,01;24,68;2,37;1,79;44,89
AT13;92000;92000;2007;20071231;25.770;435;1.572;56;109;2.613;315,49;5,32;19,25;0,68;1,34;31,99
AT13;92100;92100;2007;20071231;55.065;37;3.466;324;310;6.653;398,92;0,27;25,11;2,35;2,24;48,20
AT13;92200;92200;2007;20071231;65.298;22;3.893;501;472;8.244;435,26;0,15;25,95;3,34;3,15;54,95
AT13;92300;92300;2007;20071231;46.025;163;5.487;296;415;4.649;507,68;1,80;60,52;3,26;4,58;51,28
AT13;90000;90000;2008;20081231;657.192;3.607;60.628;3.546;4.747;75.819;392,37;2,15;36,20;2,12;2,83;45,27
AT13;90100;90100;2008;20081231;16.398;42;1.451;165;285;1.038;976,06;2,51;86,36;9,85;16,95;61,81
AT13;90200;90200;2008;20081231;31.398;8;2.681;67;181;3.441;336,31;0,09;28,71;0,72;1,94;36,85
AT13;90300;90300;2008;20081231;37.185;475;4.223;279;404;3.322;448,38;5,72;50,92;3,36;4,87;40,06
AT13;90400;90400;2008;20081231;12.830;48;1.162;72;123;1.234;423,18;1,59;38,32;2,38;4,05;40,70
AT13;90500;90500;2008;20081231;17.218;2;1.865;301;154;1.960;329,42;0,03;35,68;5,77;2,95;37,50
AT13;90600;90600;2008;20081231;11.323;3;900;35;88;1.397;386,87;0,10;30,76;1,20;3,00;47,72
AT13;90700;90700;2008;20081231;11.088;5;814;26;52;1.396;370,21;0,17;27,18;0,87;1,73;46,62
AT13;90800;90800;2008;20081231;8.482;1;705;14;49;1.126;359,24;0,03;29,85;0,61;2,06;47,71
AT13;90900;90900;2008;20081231;15.536;3;1.452;33;96;1.740;395,74;0,08;36,97;0,85;2,45;44,33
AT13;91000;91000;2008;20081231;60.474;13;4.497;249;351;6.573;351,09;0,07;26,11;1,45;2,04;38,16
AT13;91100;91100;2008;20081231;32.231;4;2.829;280;159;4.054;370,40;0,05;32,51;3,22;1,83;46,58
AT13;91200;91200;2008;20081231;30.208;70;2.548;114;146;3.295;349,26;0,81;29,46;1,31;1,69;38,10
AT13;91300;91300;2008;20081231;22.849;1;986;86;171;2.449;448,08;0,03;19,33;1,68;3,36;48,03
AT13;91400;91400;2008;20081231;32.246;9;1.825;94;213;3.885;384,45;0,10;21,75;1,12;2,53;46,32
AT13;91500;91500;2008;20081231;21.745;7;2.317;74;226;2.513;308,92;0,10;32,91;1,05;3,21;35,70
AT13;91600;91600;2008;20081231;30.742;8;2.601;86;206;3.813;326,25;0,08;27,60;0,92;2,18;40,47
AT13;91700;91700;2008;20081231;17.931;7;1.332;107;107;2.277;343,33;0,14;25,51;2,05;2,05;43,60
AT13;91800;91800;2008;20081231;17.664;13;930;40;101;2.233;371,95;0,28;19,59;0,85;2,12;47,02
AT13;91900;91900;2008;20081231;28.501;1;1.732;165;122;3.165;419,76;0,01;25,51;2,43;1,79;46,61
AT13;92000;92000;2008;20081231;25.611;435;1.613;60;111;2.691;313,43;5,32;19,74;0,74;1,36;32,93
AT13;92100;92100;2008;20081231;55.208;36;3.533;322;308;6.907;396,96;0,26;25,40;2,32;2,21;49,66
AT13;92200;92200;2008;20081231;66.256;19;4.049;517;477;8.624;435,62;0,13;26,62;3,40;3,14;56,70
AT13;92300;92300;2008;20081231;46.136;163;5.673;302;419;4.813;504,58;1,78;62,04;3,30;4,58;52,64
AT13;90000;90000;2009;20091231;663.926;3.726;60.796;3.573;4.645;77.958;394,19;2,21;36,10;2,12;2,76;46,29
AT13;90100;90100;2009;20091231;16.705;40;1.399;153;281;1.084;1.008,86;2,41;84,50;9,23;16,98;65,50
AT13;90200;90200;2009;20091231;31.532;8;2.761;67;177;3.531;334,86;0,08;29,33;0,71;1,88;37,50
AT13;90300;90300;2009;20091231;37.903;502;4.356;289;395;3.380;457,32;6,05;52,56;3,49;4,76;40,78
AT13;90400;90400;2009;20091231;12.858;35;1.162;75;118;1.275;424,13;1,17;38,34;2,48;3,91;42,04
AT13;90500;90500;2009;20091231;17.187;2;1.842;317;147;2.008;328,68;0,03;35,22;6,05;2,82;38,40
AT13;90600;90600;2009;20091231;11.309;3;887;32;85;1.443;387,46;0,10;30,39;1,10;2,92;49,44
AT13;90700;90700;2009;20091231;11.094;6;789;26;49;1.442;370,58;0,19;26,35;0,85;1,65;48,19
AT13;90800;90800;2009;20091231;8.448;0;695;15;49;1.164;357,78;0,02;29,42;0,64;2,09;49,30
AT13;90900;90900;2009;20091231;15.423;4;1.460;34;94;1.787;393,11;0,11;37,20;0,86;2,40;45,55
AT13;91000;91000;2009;20091231;61.157;10;4.538;244;351;6.695;351,66;0,06;26,09;1,40;2,02;38,50
AT13;91100;91100;2009;20091231;32.749;4;2.877;289;155;4.162;368,83;0,05;32,40;3,26;1,75;46,87
AT13;91200;91200;2009;20091231;30.646;79;2.563;115;144;3.389;351,03;0,91;29,36;1,32;1,65;38,82
AT13;91300;91300;2009;20091231;22.907;1;946;85;172;2.521;449,20;0,02;18,55;1,66;3,38;49,44
AT13;91400;91400;2009;20091231;32.492;9;1.827;92;208;4.004;386,69;0,10;21,74;1,09;2,47;47,65
AT13;91500;91500;2009;20091231;21.767;8;2.328;71;215;2.590;308,07;0,11;32,94;1,00;3,04;36,65
AT13;91600;91600;2009;20091231;30.920;9;2.609;88;204;3.918;326,37;0,10;27,54;0,93;2,15;41,35
AT13;91700;91700;2009;20091231;17.993;8;1.329;107;101;2.359;343,78;0,16;25,39;2,05;1,93;45,07
AT13;91800;91800;2009;20091231;17.694;13;919;41;98;2.300;371,51;0,27;19,30;0,85;2,05;48,29
AT13;91900;91900;2009;20091231;28.635;1;1.766;168;119;3.271;422,83;0,01;26,08;2,48;1,76;48,30
AT13;92000;92000;2009;20091231;25.723;449;1.632;64;110;2.757;313,65;5,47;19,90;0,78;1,34;33,61
AT13;92100;92100;2009;20091231;55.937;36;3.551;317;299;7.131;399,50;0,26;25,36;2,27;2,13;50,93
AT13;92200;92200;2009;20091231;67.927;17;4.150;528;471;8.972;440,68;0,11;26,93;3,42;3,06;58,21
AT13;92300;92300;2009;20091231;46.738;168;5.782;305;413;4.956;508,93;1,83;62,96;3,33;4,49;53,96
AT13;90000;90000;2010;20101231;669.279;3.716;61.185;3.601;4.652;79.566;394,72;2,19;36,08;2,12;2,74;46,93
AT13;90100;90100;2010;20101231;16.979;36;1.352;140;284;1.124;1.033,89;2,19;82,33;8,52;17,29;68,44
AT13;90200;90200;2010;20101231;31.596;7;2.853;67;176;3.598;332,67;0,07;30,04;0,71;1,85;37,88
AT13;90300;90300;2010;20101231;38.549;512;4.506;300;395;3.412;461,76;6,13;53,97;3,59;4,73;40,87
AT13;90400;90400;2010;20101231;12.858;21;1.167;78;117;1.307;422,80;0,69;38,37;2,56;3,85;42,98
AT13;90500;90500;2010;20101231;17.117;2;1.825;332;144;2.042;325,79;0,04;34,74;6,32;2,74;38,87
AT13;90600;90600;2010;20101231;11.270;3;877;29;85;1.480;384,76;0,10;29,94;0,99;2,90;50,53
AT13;90700;90700;2010;20101231;11.074;6;766;25;48;1.479;368,76;0,20;25,51;0,83;1,60;49,25
AT13;90800;90800;2010;20101231;8.394;0;687;16;51;1.194;360,64;0,00;29,52;0,69;2,19;51,30
AT13;90900;90900;2010;20101231;15.273;5;1.473;34;94;1.822;388,31;0,13;37,45;0,86;2,39;46,32
AT13;91000;91000;2010;20101231;61.713;6;4.595;239;359;6.769;351,68;0,03;26,19;1,36;2,05;38,57
AT13;91100;91100;2010;20101231;33.202;4;2.935;298;155;4.241;369,45;0,04;32,66;3,32;1,72;47,19
AT13;91200;91200;2010;20101231;31.022;86;2.587;117;146;3.460;353,20;0,98;29,45;1,33;1,66;39,39
AT13;91300;91300;2010;20101231;22.913;1;909;84;177;2.576;449,71;0,02;17,84;1,65;3,47;50,56
AT13;91400;91400;2010;20101231;32.669;8;1.835;90;208;4.095;387,31;0,09;21,75;1,07;2,47;48,55
AT13;91500;91500;2010;20101231;21.741;8;2.347;67;209;2.649;305,41;0,11;32,97;0,94;2,94;37,21
AT13;91600;91600;2010;20101231;31.032;11;2.627;90;207;3.996;327,35;0,12;27,71;0,95;2,18;42,15
AT13;91700;91700;2010;20101231;18.016;9;1.330;107;97;2.426;344,45;0,17;25,43;2,05;1,85;46,38
AT13;91800;91800;2010;20101231;17.685;12;911;41;97;2.351;371,64;0,25;19,14;0,86;2,04;49,41
AT13;91900;91900;2010;20101231;28.708;1;1.807;171;120;3.355;422,94;0,01;26,62;2,52;1,77;49,43
AT13;92000;92000;2010;20101231;25.778;447;1.657;68;111;2.803;312,33;5,42;20,08;0,82;1,34;33,96
AT13;92100;92100;2010;20101231;56.553;35;3.582;312;297;7.309;399,74;0,25;25,32;2,21;2,10;51,66
AT13;92200;92200;2010;20101231;69.475;14;4.268;539;476;9.264;443,48;0,09;27,24;3,44;3,04;59,13
AT13;92300;92300;2010;20101231;47.244;167;5.913;309;416;5.065;508,44;1,80;63,64;3,33;4,48;54,51
AT13;90000;90000;2011;20111231;674.526;3.670;62.307;3.654;4.557;81.076;394,78;2,15;36,47;2,14;2,67;47,45
AT13;90100;90100;2011;20111231;17.027;32;1.347;137;281;1.174;1.038,45;1,95;82,15;8,36;17,14;71,60
AT13;90200;90200;2011;20111231;31.908;11;2.953;71;176;3.570;333,58;0,11;30,87;0,74;1,84;37,32
AT13;90300;90300;2011;20111231;38.027;497;4.283;294;370;3.481;452,02;5,91;50,91;3,49;4,40;41,38
AT13;90400;90400;2011;20111231;12.890;22;1.165;70;118;1.352;421,55;0,72;38,10;2,29;3,86;44,22
AT13;90500;90500;2011;20111231;17.002;1;1.838;348;152;2.068;323,04;0,02;34,92;6,61;2,89;39,29
AT13;90600;90600;2011;20111231;11.259;4;873;29;90;1.483;384,24;0,14;29,79;0,99;3,07;50,61
AT13;90700;90700;2011;20111231;11.121;7;761;28;41;1.526;370,41;0,23;25,35;0,93;1,37;50,83
AT13;90800;90800;2011;20111231;8.340;0;672;13;48;1.233;355,80;0,00;28,67;0,55;2,05;52,60
AT13;90900;90900;2011;20111231;15.128;4;1.424;33;86;1.846;385,48;0,10;36,29;0,84;2,19;47,04
AT13;91000;91000;2011;20111231;62.651;11;4.795;249;352;6.912;353,03;0,06;27,02;1,40;1,98;38,95
AT13;91100;91100;2011;20111231;33.743;6;3.091;300;157;4.343;371,73;0,07;34,05;3,30;1,73;47,84
AT13;91200;91200;2011;20111231;31.381;79;2.637;122;145;3.538;355,16;0,89;29,85;1,38;1,64;40,04
AT13;91300;91300;2011;20111231;23.055;1;891;84;168;2.606;454,13;0,02;17,55;1,65;3,31;51,33
AT13;91400;91400;2011;20111231;32.960;4;1.835;88;203;4.248;388,89;0,05;21,65;1,04;2,40;50,12
AT13;91500;91500;2011;20111231;21.810;6;2.320;80;200;2.679;305,63;0,08;32,51;1,12;2,80;37,54
AT13;91600;91600;2011;20111231;31.183;12;2.638;91;200;4.029;327,17;0,13;27,68;0,95;2,10;42,27
AT13;91700;91700;2011;20111231;18.080;9;1.303;115;95;2.434;345,01;0,17;24,86;2,19;1,81;46,45
AT13;91800;91800;2011;20111231;17.733;12;951;44;96;2.417;373,14;0,25;20,01;0,93;2,02;50,86
AT13;91900;91900;2011;20111231;28.831;2;1.821;175;117;3.343;423,21;0,03;26,73;2,57;1,72;49,07
AT13;92000;92000;2011;20111231;25.823;441;1.663;70;101;2.850;310,66;5,31;20,01;0,84;1,22;34,29
AT13;92100;92100;2011;20111231;57.412;29;3.749;319;308;7.484;400,88;0,20;26,18;2,23;2,15;52,26
AT13;92200;92200;2011;20111231;71.020;16;4.427;531;472;9.559;444,01;0,10;27,68;3,32;2,95;59,76
AT13;92300;92300;2011;20111231;47.835;187;6.119;319;407;5.227;508,40;1,99;65,03;3,39;4,33;55,55
AT13;90000;90000;2012;20121231;679.492;3.646;63.075;3.713;4.559;83.325;393,38;2,11;36,52;2,15;2,64;48,24
AT13;90100;90100;2012;20121231;17.168;33;1.354;143;290;1.191;1.055,19;2,03;83,22;8,79;17,82;73,20
AT13;90200;90200;2012;20121231;32.041;19;3.020;86;170;3.634;332,05;0,20;31,30;0,89;1,76;37,66
AT13;90300;90300;2012;20121231;37.668;486;4.245;279;367;3.553;442,55;5,71;49,87;3,28;4,31;41,74
AT13;90400;90400;2012;20121231;12.969;21;1.206;76;112;1.377;420,76;0,68;39,13;2,47;3,63;44,67
AT13;90500;90500;2012;20121231;16.906;3;1.871;375;129;2.106;320,74;0,06;35,50;7,11;2,45;39,96
AT13;90600;90600;2012;20121231;11.262;4;909;29;93;1.541;379,94;0,13;30,67;0,98;3,14;51,99
AT13;90700;90700;2012;20121231;11.077;9;788;28;47;1.544;367,22;0,30;26,12;0,93;1,56;51,19
AT13;90800;90800;2012;20121231;8.327;0;635;17;49;1.264;352,74;0,00;26,90;0,72;2,08;53,54
AT13;90900;90900;2012;20121231;15.143;3;1.610;42;81;1.914;382,55;0,08;40,67;1,06;2,05;48,35
AT13;91000;91000;2012;20121231;63.213;9;4.908;253;355;7.196;349,90;0,05;27,17;1,40;1,97;39,83
AT13;91100;91100;2012;20121231;34.281;4;3.190;305;179;4.472;373,28;0,04;34,74;3,32;1,95;48,69
AT13;91200;91200;2012;20121231;32.058;74;2.677;118;138;3.641;360,38;0,83;30,09;1,33;1,55;40,93
AT13;91300;91300;2012;20121231;23.095;2;893;80;170;2.778;455,25;0,04;17,60;1,58;3,35;54,76
AT13;91400;91400;2012;20121231;33.624;3;1.831;85;209;4.408;393,69;0,04;21,44;1,00;2,45;51,61
AT13;91500;91500;2012;20121231;22.213;6;2.309;64;195;2.751;306,25;0,08;31,83;0,88;2,69;37,93
AT13;91600;91600;2012;20121231;31.890;13;2.684;98;194;4.240;330,80;0,13;27,84;1,02;2,01;43,98
AT13;91700;91700;2012;20121231;18.344;8;1.303;117;104;2.538;347,15;0,15;24,66;2,21;1,97;48,03
AT13;91800;91800;2012;20121231;17.683;13;988;42;94;2.451;369,29;0,27;20,63;0,88;1,96;51,19
AT13;91900;91900;2012;20121231;28.784;1;1.813;181;122;3.424;419,96;0,01;26,45;2,64;1,78;49,96
AT13;92000;92000;2012;20121231;25.737;418;1.659;74;92;2.870;308,38;5,01;19,88;0,89;1,10;34,39
AT13;92100;92100;2012;20121231;57.604;29;3.767;332;315;7.741;396,46;0,20;25,93;2,28;2,17;53,28
AT13;92200;92200;2012;20121231;72.467;18;4.527;538;494;9.814;442,78;0,11;27,66;3,29;3,02;59,96
AT13;92300;92300;2012;20121231;47.840;183;6.369;311;394;5.386;505,10;1,93;67,25;3,28;4,16;56,87
AT13;90000;90000;2013;20131231;681.413;3.661;63.686;3.757;4.500;84.652;388,58;2,09;36,32;2,14;2,57;48,27
AT13;90100;90100;2013;20131231;16.933;35;1.348;141;302;1.225;1.046,81;2,16;83,33;8,72;18,67;75,73
AT13;90200;90200;2013;20131231;32.287;19;3.073;96;183;3.666;329,52;0,19;31,36;0,98;1,87;37,42
AT13;90300;90300;2013;20131231;37.674;487;4.282;272;342;3.590;438,37;5,67;49,82;3,16;3,98;41,77
AT13;90400;90400;2013;20131231;12.909;20;1.214;69;106;1.385;414,23;0,64;38,96;2,21;3,40;44,44
AT13;90500;90500;2013;20131231;16.698;3;1.900;365;130;2.148;312,78;0,06;35,59;6,84;2,44;40,24
AT13;90600;90600;2013;20131231;11.181;3;908;36;90;1.568;367,85;0,10;29,87;1,18;2,96;51,59
AT13;90700;90700;2013;20131231;10.999;9;830;30;51;1.587;359,35;0,29;27,12;0,98;1,67;51,85
AT13;90800;90800;2013;20131231;8.288;0;624;18;48;1.282;344,25;0,00;25,92;0,75;1,99;53,25
AT13;90900;90900;2013;20131231;15.013;2;1.615;37;79;1.943;373,52;0,05;40,18;0,92;1,97;48,34
AT13;91000;91000;2013;20131231;64.077;11;4.997;245;349;7.257;347,02;0,06;27,06;1,33;1,89;39,30
AT13;91100;91100;2013;20131231;34.554;30;3.259;306;204;4.566;372,85;0,32;35,17;3,30;2,20;49,27
AT13;91200;91200;2013;20131231;32.225;73;2.691;149;126;3.686;357,29;0,81;29,84;1,65;1,40;40,87
AT13;91300;91300;2013;20131231;23.124;2;929;76;156;2.875;452,90;0,04;18,20;1,49;3,06;56,31
AT13;91400;91400;2013;20131231;33.892;4;1.802;86;199;4.589;390,08;0,05;20,74;0,99;2,29;52,82
AT13;91500;91500;2013;20131231;22.263;5;2.257;52;192;2.816;300,24;0,07;30,44;0,70;2,59;37,98
AT13;91600;91600;2013;20131231;32.296;13;2.708;103;197;4.351;328,44;0,13;27,54;1,05;2,00;44,25
AT13;91700;91700;2013;20131231;18.407;8;1.303;114;105;2.576;341,08;0,15;24,14;2,11;1,95;47,73
AT13;91800;91800;2013;20131231;17.428;7;963;41;93;2.542;361,46;0,15;19,97;0,85;1,93;52,72
AT13;91900;91900;2013;20131231;28.862;3;1.865;186;121;3.483;417,73;0,04;26,99;2,69;1,75;50,41
AT13;92000;92000;2013;20131231;25.561;422;1.641;84;88;2.883;303,71;5,01;19,50;1,00;1,05;34,25
AT13;92100;92100;2013;20131231;58.008;27;3.728;326;313;7.924;392,62;0,18;25,23;2,21;2,12;53,63
AT13;92200;92200;2013;20131231;73.251;15;4.671;561;487;9.934;438,90;0,09;27,99;3,36;2,92;59,52
AT13;92300;92300;2013;20131231;47.502;172;6.507;324;380;5.499;496,62;1,80;68,03;3,39;3,97;57,49
AT13;90000;90000;2014;20141231;683.258;3.650;64.087;3.729;4.658;85.529;383,63;2,05;35,98;2,09;2,62;48,02
AT13;90100;90100;2014;20141231;16.906;34;1.322;140;332;1.223;1.043,29;2,10;81,58;8,64;20,49;75,47
AT13;90200;90200;2014;20141231;32.561;17;3.099;104;201;3.730;323,16;0,17;30,76;1,03;1,99;37,02
AT13;90300;90300;2014;20141231;38.798;483;4.256;271;325;3.626;444,24;5,53;48,73;3,10;3,72;41,52
AT13;90400;90400;2014;20141231;12.836;18;1.238;70;117;1.410;406,73;0,57;39,23;2,22;3,71;44,68
AT13;90500;90500;2014;20141231;16.572;7;1.856;364;116;2.165;307,51;0,13;34,44;6,75;2,15;40,17
AT13;90600;90600;2014;20141231;11.035;3;903;37;85;1.574;358,32;0,10;29,32;1,20;2,76;51,11
AT13;90700;90700;2014;20141231;10.903;9;835;29;51;1.663;351,56;0,29;26,92;0,94;1,64;53,62
AT13;90800;90800;2014;20141231;8.252;0;603;20;45;1.260;338,03;0,00;24,70;0,82;1,84;51,61
AT13;90900;90900;2014;20141231;14.906;3;1.560;46;85;1.980;366,80;0,07;38,39;1,13;2,09;48,72
AT13;91000;91000;2014;20141231;64.202;9;5.177;246;358;7.338;342,18;0,05;27,59;1,31;1,91;39,11
AT13;91100;91100;2014;20141231;34.784;48;3.269;284;261;4.642;369,13;0,51;34,69;3,01;2,77;49,26
AT13;91200;91200;2014;20141231;32.423;30;2.731;149;126;3.665;354,10;0,33;29,83;1,63;1,38;40,03
AT13;91300;91300;2014;20141231;23.101;2;913;78;153;2.947;446,62;0,04;17,65;1,51;2,96;56,97
AT13;91400;91400;2014;20141231;33.954;4;1.802;86;204;4.666;383,52;0,05;20,35;0,97;2,30;52,70
AT13;91500;91500;2014;20141231;22.171;7;2.251;54;186;2.825;293,02;0,09;29,75;0,71;2,46;37,34
AT13;91600;91600;2014;20141231;32.308;13;2.736;94;193;4.424;322,73;0,13;27,33;0,94;1,93;44,19
AT13;91700;91700;2014;20141231;18.424;5;1.286;106;107;2.605;334,69;0,09;23,36;1,93;1,94;47,32
AT13;91800;91800;2014;20141231;17.319;10;929;42;90;2.576;355,32;0,21;19,06;0,86;1,85;52,85
AT13;91900;91900;2014;20141231;28.846;3;1.816;183;130;3.570;414,54;0,04;26,10;2,63;1,87;51,30
AT13;92000;92000;2014;20141231;25.334;453;1.638;85;99;2.831;298,66;5,34;19,31;1,00;1,17;33,37
AT13;92100;92100;2014;20141231;58.397;26;3.723;322;324;8.008;388,74;0,17;24,78;2,14;2,16;53,31
AT13;92200;92200;2014;20141231;73.506;15;4.727;568;511;9.997;431,98;0,09;27,78;3,34;3,00;58,75
AT13;92300;92300;2014;20141231;47.685;173;6.682;313;409;5.554;494,62;1,79;69,31;3,25;4,24;57,61
AT13;90000;90000;2015;20151231;685.570;3.644;64.516;3.756;4.668;86.339;377,88;2,01;35,56;2,07;2,57;47,59
AT13;90100;90100;2015;20151231;16.785;30;1.273;132;357;1.257;1.028,18;1,84;77,98;8,09;21,87;77,00
AT13;90200;90200;2015;20151231;32.353;27;3.035;99;205;3.703;317,09;0,26;29,75;0,97;2,01;36,29
AT13;90300;90300;2015;20151231;38.542;470;4.341;280;321;3.662;435,13;5,31;49,01;3,16;3,62;41,34
AT13;90400;90400;2015;20151231;12.743;17;1.210;69;111;1.410;395,61;0,53;37,56;2,14;3,45;43,77
AT13;90500;90500;2015;20151231;16.171;10;1.812;336;114;2.183;296,68;0,18;33,24;6,16;2,09;40,05
AT13;90600;90600;2015;20151231;10.919;3;889;38;82;1.529;349,47;0,10;28,45;1,22;2,62;48,94
AT13;90700;90700;2015;20151231;10.696;2;811;31;52;1.678;338,83;0,06;25,69;0,98;1,65;53,16
AT13;90800;90800;2015;20151231;8.041;0;566;21;40;1.245;325,96;0,00;22,94;0,85;1,62;50,47
AT13;90900;90900;2015;20151231;14.635;2;1.519;47;84;1.913;355,37;0,05;36,89;1,14;2,04;46,45
AT13;91000;91000;2015;20151231;63.994;12;5.127;268;368;7.355;333,39;0,06;26,71;1,40;1,92;38,32
AT13;91100;91100;2015;20151231;34.967;55;3.462;284;284;4.618;362,81;0,57;35,92;2,95;2,95;47,92
AT13;91200;91200;2015;20151231;32.520;31;2.724;161;119;3.653;349,49;0,33;29,28;1,73;1,28;39,26
AT13;91300;91300;2015;20151231;23.014;2;880;86;153;2.999;438,44;0,04;16,76;1,64;2,91;57,13
AT13;91400;91400;2015;20151231;34.113;3;1.815;86;205;4.757;378,96;0,03;20,16;0,96;2,28;52,85
AT13;91500;91500;2015;20151231;21.938;8;2.139;55;169;2.819;284,75;0,10;27,76;0,71;2,19;36,59
AT13;91600;91600;2015;20151231;32.337;14;2.654;88;177;4.443;318,73;0,14;26,16;0,87;1,74;43,79
AT13;91700;91700;2015;20151231;18.337;5;1.291;109;100;2.665;327,40;0,09;23,05;1,95;1,79;47,58
AT13;91800;91800;2015;20151231;17.173;11;895;45;91;2.594;346,66;0,22;18,07;0,91;1,84;52,36
AT13;91900;91900;2015;20151231;28.797;1;1.823;178;127;3.646;408,67;0,01;25,87;2,53;1,80;51,74
AT13;92000;92000;2015;20151231;25.209;436;1.639;91;100;2.763;294,68;5,10;19,16;1,06;1,17;32,30
AT13;92100;92100;2015;20151231;59.441;24;3.766;318;338;8.276;386,62;0,16;24,50;2,07;2,20;53,83
AT13;92200;92200;2015;20151231;76.562;14;4.982;567;513;10.231;433,05;0,08;28,18;3,21;2,90;57,87
AT13;92300;92300;2015;20151231;48.317;180;6.747;326;416;5.687;495,85;1,85;69,24;3,35;4,27;58,36
AT13;90000;90000;2016;20161231;692.847;3.735;64.984;3.794;4.887;88.001;373,87;2,02;35,07;2,05;2,64;47,49
AT13;90100;90100;2016;20161231;16.020;24;1.237;109;233;1.230;973,53;1,46;75,17;6,62;14,16;74,75
AT13;90200;90200;2016;20161231;32.665;26;3.197;97;246;3.737;313,42;0,25;30,68;0,93;2,36;35,86
AT13;90300;90300;2016;20161231;38.245;477;4.240;290;552;3.755;425,07;5,30;47,12;3,22;6,14;41,73
AT13;90400;90400;2016;20161231;12.790;14;1.254;68;104;1.425;389,00;0,43;38,14;2,07;3,16;43,34
AT13;90500;90500;2016;20161231;16.111;9;1.745;323;115;2.176;292,25;0,16;31,65;5,86;2,09;39,47
AT13;90600;90600;2016;20161231;10.783;2;875;40;83;1.527;341,07;0,06;27,68;1,27;2,63;48,30
AT13;90700;90700;2016;20161231;10.546;1;833;34;48;1.682;328,16;0,03;25,92;1,06;1,49;52,34
AT13;90800;90800;2016;20161231;7.961;0;551;24;48;1.216;315,20;0,00;21,82;0,95;1,90;48,15
AT13;90900;90900;2016;20161231;14.449;2;1.477;49;85;1.930;342,36;0,05;35,00;1,16;2,01;45,73
AT13;91000;91000;2016;20161231;65.322;16;5.418;274;378;7.327;331,97;0,08;27,53;1,39;1,92;37,24
AT13;91100;91100;2016;20161231;35.443;60;3.559;277;308;4.770;359,53;0,61;36,10;2,81;3,12;48,39
AT13;91200;91200;2016;20161231;32.996;25;2.660;161;117;3.757;347,21;0,26;27,99;1,69;1,23;39,53
AT13;91300;91300;2016;20161231;23.174;1;902;93;157;3.126;429,39;0,02;16,71;1,72;2,91;57,92
AT13;91400;91400;2016;20161231;34.490;4;1.851;91;210;4.869;375,28;0,04;20,14;0,99;2,28;52,98
AT13;91500;91500;2016;20161231;21.817;7;2.078;53;129;2.805;277,13;0,09;26,40;0,67;1,64;35,63
AT13;91600;91600;2016;20161231;32.513;12;2.633;85;167;4.429;313,97;0,12;25,43;0,82;1,61;42,77
AT13;91700;91700;2016;20161231;18.452;5;1.310;109;101;2.740;324,60;0,09;23,04;1,92;1,78;48,20
AT13;91800;91800;2016;20161231;18.259;10;870;45;91;2.617;361,53;0,20;17,23;0,89;1,80;51,82
AT13;91900;91900;2016;20161231;28.821;1;1.730;174;133;3.782;401,88;0,01;24,12;2,43;1,85;52,74
AT13;92000;92000;2016;20161231;25.247;455;1.591;96;97;2.763;291,93;5,26;18,40;1,11;1,12;31,95
AT13;92100;92100;2016;20161231;60.483;28;3.972;336;343;8.567;384,23;0,18;25,23;2,13;2,18;54,42
AT13;92200;92200;2016;20161231;78.838;13;5.345;561;535;10.656;433,11;0,07;29,36;3,08;2,94;58,54
AT13;92300;92300;2016;20161231;49.365;186;6.891;363;463;5.821;494,86;1,86;69,08;3,64;4,64;58,35
AT13;90000;90000;2017;20171231;701.657;3.804;66.426;3.961;5.026;89.259;373,68;2,03;35,38;2,11;2,68;47,54
AT13;90100;90100;2017;20171231;16.251;24;1.286;109;237;1.363;988,84;1,46;78,25;6,63;14,42;82,94
AT13;90200;90200;2017;20171231;32.735;55;3.310;99;257;3.808;311,34;0,52;31,48;0,94;2,44;36,22
AT13;90300;90300;2017;20171231;38.033;494;4.322;291;576;3.810;420,43;5,46;47,78;3,22;6,37;42,12
AT13;90400;90400;2017;20171231;12.679;11;1.279;63;107;1.440;382,57;0,33;38,59;1,90;3,23;43,45
AT13;90500;90500;2017;20171231;16.005;7;1.740;315;114;2.177;288,25;0,13;31,34;5,67;2,05;39,21
AT13;90600;90600;2017;20171231;10.657;1;830;39;77;1.516;333,67;0,03;25,99;1,22;2,41;47,47
AT13;90700;90700;2017;20171231;10.550;1;820;38;57;1.688;327,59;0,03;25,46;1,18;1,77;52,41
AT13;90800;90800;2017;20171231;7.834;0;499;23;44;1.241;306,52;0,00;19,52;0,90;1,72;48,56
AT13;90900;90900;2017;20171231;14.253;2;1.437;53;87;1.940;333,49;0,05;33,62;1,24;2,04;45,39
AT13;91000;91000;2017;20171231;69.172;11;5.592;289;370;7.467;346,11;0,06;27,98;1,45;1,85;37,36
AT13;91100;91100;2017;20171231;36.012;60;3.597;280;336;4.795;356,55;0,59;35,61;2,77;3,33;47,47
AT13;91200;91200;2017;20171231;33.190;25;2.723;176;114;3.831;343,12;0,26;28,15;1,82;1,18;39,60
AT13;91300;91300;2017;20171231;23.298;1;896;103;157;3.136;429,74;0,02;16,53;1,90;2,90;57,84
AT13;91400;91400;2017;20171231;34.587;4;1.849;97;223;4.924;373,73;0,04;19,98;1,05;2,41;53,21
AT13;91500;91500;2017;20171231;21.687;9;2.144;68;130;2.792;274,42;0,11;27,13;0,86;1,64;35,33
AT13;91600;91600;2017;20171231;32.318;13;2.654;90;178;4.493;309,36;0,12;25,40;0,86;1,70;43,01
AT13;91700;91700;2017;20171231;18.498;5;1.339;110;100;2.786;322,33;0,09;23,33;1,92;1,74;48,55
AT13;91800;91800;2017;20171231;18.447;10;883;46;90;2.594;359,28;0,19;17,20;0,90;1,75;50,52
AT13;91900;91900;2017;20171231;28.962;1;1.833;196;136;3.836;399,63;0,01;25,29;2,70;1,88;52,93
AT13;92000;92000;2017;20171231;25.211;484;1.660;95;116;2.774;289,46;5,56;19,06;1,09;1,33;31,85
AT13;92100;92100;2017;20171231;61.841;27;4.076;347;344;8.676;384,73;0,17;25,36;2,16;2,14;53,98
AT13;92200;92200;2017;20171231;80.340;11;5.593;601;530;10.929;433,02;0,06;30,15;3,24;2,86;58,91
AT13;92300;92300;2017;20171231;50.962;168;7.275;387;501;5.987;498,95;1,64;71,23;3,79;4,91;58,62
AT13;90000;90000;2018;20181231;709.288;3.863;68.729;4.009;5.286;90.421;374,86;2,04;36,32;2,12;2,79;47,79
AT13;90100;90100;2018;20181231;16.079;17;1.283;79;225;1.429;984,67;1,04;78,57;4,84;13,78;87,51
AT13;90200;90200;2018;20181231;32.718;58;3.212;109;286;3.810;310,67;0,55;30,50;1,03;2,72;36,18
AT13;90300;90300;2018;20181231;38.441;474;4.700;291;639;3.972;421,43;5,20;51,53;3,19;7,01;43,55
AT13;90400;90400;2018;20181231;12.476;3;1.284;65;117;1.395;374,93;0,09;38,59;1,95;3,52;41,92
AT13;90500;90500;2018;20181231;15.443;7;1.744;295;121;2.109;277,86;0,13;31,38;5,31;2,18;37,95
AT13;90600;90600;2018;20181231;10.283;1;846;39;87;1.478;321,55;0,03;26,45;1,22;2,72;46,22
AT13;90700;90700;2018;20181231;10.174;0;854;42;57;1.650;314,47;0,00;26,40;1,30;1,76;51,00
AT13;90800;90800;2018;20181231;7.680;0;464;24;44;1.202;301,44;0,00;18,21;0,94;1,73;47,18
AT13;90900;90900;2018;20181231;13.724;2;1.048;55;75;1.875;325,03;0,05;24,82;1,30;1,78;44,41
AT13;91000;91000;2018;20181231;70.356;11;5.799;329;383;7.459;346,18;0,05;28,53;1,62;1,88;36,70
AT13;91100;91100;2018;20181231;37.400;69;3.922;281;408;4.958;367,45;0,68;38,53;2,76;4,01;48,71
AT13;91200;91200;2018;20181231;33.351;4;2.698;170;121;3.821;341,79;0,04;27,65;1,74;1,24;39,16
AT13;91300;91300;2018;20181231;23.457;4;905;98;151;3.248;434,08;0,07;16,75;1,81;2,79;60,11
AT13;91400;91400;2018;20181231;35.145;2;1.957;85;225;5.044;378,92;0,02;21,10;0,92;2,43;54,38
AT13;91500;91500;2018;20181231;21.166;10;2.068;70;126;2.708;270,32;0,13;26,41;0,89;1,61;34,59
AT13;91600;91600;2018;20181231;32.261;16;2.670;84;184;4.461;309,38;0,15;25,61;0,81;1,76;42,78
AT13;91700;91700;2018;20181231;18.514;1;1.361;65;92;2.829;322,14;0,02;23,68;1,13;1,60;49,22
AT13;91800;91800;2018;20181231;18.239;10;894;48;90;2.591;353,02;0,19;17,30;0,93;1,74;50,15
AT13;91900;91900;2018;20181231;29.630;1;1.869;251;144;3.833;407,75;0,01;25,72;3,45;1,98;52,75
AT13;92000;92000;2018;20181231;24.656;519;1.640;86;117;2.706;283,95;5,98;18,89;0,99;1,35;31,16
AT13;92100;92100;2018;20181231;63.835;54;4.314;355;352;8.909;389,14;0,33;26,30;2,16;2,15;54,31
AT13;92200;92200;2018;20181231;82.657;11;5.824;612;560;11.358;437,74;0,06;30,84;3,24;2,97;60,15
AT13;92300;92300;2018;20181231;53.149;216;8.102;428;529;6.201;506,50;2,06;77,21;4,08;5,04;59,09
AT13;90000;90000;2019;20191231;714.960;3.909;71.236;4.088;5.443;91.323;375,65;2,05;37,43;2,15;2,86;47,98
AT13;90100;90100;2019;20191231;16.044;20;1.353;77;221;1.351;992,71;1,24;83,72;4,76;13,67;83,59
AT13;90200;90200;2019;20191231;32.832;10;3.198;116;310;3.898;311,99;0,10;30,39;1,10;2,95;37,04
AT13;90300;90300;2019;20191231;38.896;455;4.878;285;690;4.155;423,92;4,96;53,16;3,11;7,52;45,28
AT13;90400;90400;2019;20191231;12.379;3;1.301;62;119;1.378;373,07;0,09;39,21;1,87;3,59;41,53
AT13;90500;90500;2019;20191231;15.326;6;1.747;294;113;2.092;277,73;0,11;31,66;5,33;2,05;37,91
AT13;90600;90600;2019;20191231;10.120;1;860;38;85;1.529;318,66;0,03;27,08;1,20;2,68;48,14
AT13;90700;90700;2019;20191231;9.939;0;879;46;56;1.616;309,86;0,00;27,40;1,43;1,75;50,38
AT13;90800;90800;2019;20191231;7.548;0;491;24;43;1.179;300,15;0,00;19,52;0,95;1,71;46,88
AT13;90900;90900;2019;20191231;13.599;0;1.084;58;76;1.873;324,42;0,00;25,86;1,38;1,81;44,68
AT13;91000;91000;2019;20191231;71.551;11;5.937;328;377;7.438;347,96;0,05;28,87;1,60;1,83;36,17
AT13;91100;91100;2019;20191231;38.538;75;4.145;275;430;5.022;371,01;0,72;39,90;2,65;4,14;48,35
AT13;91200;91200;2019;20191231;33.215;4;2.785;172;126;3.868;341,60;0,04;28,64;1,77;1,30;39,78
AT13;91300;91300;2019;20191231;23.441;3;938;103;160;3.251;435,21;0,06;17,42;1,91;2,97;60,36
AT13;91400;91400;2019;20191231;35.217;3;1.962;88;236;5.103;377,46;0,03;21,03;0,94;2,53;54,69
AT13;91500;91500;2019;20191231;21.148;12;2.234;69;126;2.728;273,99;0,16;28,94;0,89;1,63;35,34
AT13;91600;91600;2019;20191231;31.950;18;2.744;87;182;4.449;308,86;0,17;26,53;0,84;1,76;43,01
AT13;91700;91700;2019;20191231;18.365;1;1.388;58;104;2.872;321,68;0,02;24,31;1,02;1,82;50,31
AT13;91800;91800;2019;20191231;18.227;8;877;51;93;2.648;354,18;0,16;17,04;0,99;1,81;51,46
AT13;91900;91900;2019;20191231;30.752;1;1.950;273;149;3.868;418,96;0,01;26,57;3,72;2,03;52,70
AT13;92000;92000;2019;20191231;24.456;442;1.675;91;103;2.654;282,82;5,11;19,37;1,05;1,19;30,69
AT13;92100;92100;2019;20191231;64.556;146;4.530;383;371;9.029;387,45;0,88;27,19;2,30;2,23;54,19
AT13;92200;92200;2019;20191231;84.005;10;6.373;611;576;11.518;435,53;0,05;33,04;3,17;2,99;59,72
AT13;92300;92300;2019;20191231;54.543;230;8.438;445;543;6.409;503,24;2,12;77,85;4,11;5,01;59,13
AT13;90000;90000;2020;20201231;718.819;3.999;73.553;4.172;5.825;93.341;375,33;2,09;38,41;2,18;3,04;48,74
AT13;90100;90100;2020;20201231;16.091;19;1.416;76;237;1.361;1.012,16;1,20;89,07;4,78;14,91;85,61
AT13;90200;90200;2020;20201231;33.327;10;3.306;99;335;3.912;315,71;0,09;31,32;0,94;3,17;37,06
AT13;90300;90300;2020;20201231;37.082;450;4.727;293;700;4.276;401,51;4,87;51,18;3,17;7,58;46,30
AT13;90400;90400;2020;20201231;12.485;1;1.305;47;140;1.377;377,65;0,03;39,47;1,42;4,23;41,65
AT13;90500;90500;2020;20201231;15.285;5;1.778;300;140;2.143;278,46;0,09;32,39;5,47;2,55;39,04
AT13;90600;90600;2020;20201231;10.113;1;889;37;87;1.491;321,11;0,03;28,23;1,17;2,76;47,34
AT13;90700;90700;2020;20201231;9.896;0;901;45;60;1.662;311,07;0,00;28,32;1,41;1,89;52,24
AT13;90800;90800;2020;20201231;7.559;0;482;26;48;1.199;307,64;0,00;19,62;1,06;1,95;48,80
AT13;90900;90900;2020;20201231;13.679;1;1.083;66;81;1.903;327,47;0,02;25,93;1,58;1,94;45,56
AT13;91000;91000;2020;20201231;70.504;23;6.001;329;390;7.736;338,05;0,11;28,77;1,58;1,87;37,09
AT13;91100;91100;2020;20201231;38.222;85;4.290;293;507;5.235;365,38;0,81;41,01;2,80;4,85;50,04
AT13;91200;91200;2020;20201231;34.594;1;2.914;180;136;3.963;356,11;0,01;30,00;1,85;1,40;40,80
AT13;91300;91300;2020;20201231;23.642;4;978;102;172;3.301;437,80;0,07;18,11;1,89;3,19;61,13
AT13;91400;91400;2020;20201231;35.308;3;2.055;88;245;5.242;377,70;0,03;21,98;0,94;2,62;56,08
AT13;91500;91500;2020;20201231;21.294;10;2.338;77;140;2.775;278,59;0,13;30,59;1,01;1,83;36,30
AT13;91600;91600;2020;20201231;32.255;12;2.820;94;213;4.450;313,44;0,12;27,40;0,91;2,07;43,24
AT13;91700;91700;2020;20201231;18.265;1;1.401;58;110;2.932;321,63;0,02;24,67;1,02;1,94;51,63
AT13;91800;91800;2020;20201231;18.326;8;886;64;89;2.723;356,89;0,16;17,25;1,25;1,73;53,03
AT13;91900;91900;2020;20201231;31.203;1;2.037;282;162;3.933;422,53;0,01;27,58;3,82;2,19;53,26
AT13;92000;92000;2020;20201231;24.429;462;1.702;95;106;2.702;284,82;5,39;19,84;1,11;1,24;31,50
AT13;92100;92100;2020;20201231;67.030;132;4.837;421;381;9.264;392,89;0,77;28,35;2,47;2,23;54,30
AT13;92200;92200;2020;20201231;84.556;9;6.558;603;616;11.889;428,85;0,05;33,26;3,06;3,12;60,30
AT13;92300;92300;2020;20201231;55.263;246;9.045;439;569;6.603;497,56;2,21;81,44;3,95;5,12;59,45
AT13;90000;90000;2021;20211231;725.100;4.091;78.161;4.203;6.214;95.494;376,91;2,13;40,63;2,18;3,23;49,64
AT13;90100;90100;2021;20211231;16.206;21;1.551;83;241;1.359;1.024,86;1,33;98,08;5,25;15,24;85,94
AT13;90200;90200;2021;20211231;33.450;11;3.563;120;352;3.982;319,42;0,11;34,02;1,15;3,36;38,02
AT13;90300;90300;2021;20211231;37.258;452;5.047;275;730;4.384;398,92;4,84;54,04;2,94;7,82;46,94
AT13;90400;90400;2021;20211231;12.248;2;1.232;59;127;1.448;370,72;0,06;37,29;1,79;3,84;43,83
AT13;90500;90500;2021;20211231;15.226;5;1.782;268;140;2.630;281,96;0,09;33,00;4,96;2,59;48,70
AT13;90600;90600;2021;20211231;10.042;1;897;36;99;1.486;323,70;0,03;28,91;1,16;3,19;47,90
AT13;90700;90700;2021;20211231;9.862;0;915;45;68;1.653;313,42;0,00;29,08;1,43;2,16;52,53
AT13;90800;90800;2021;20211231;7.538;0;495;23;53;1.194;311,99;0,00;20,49;0,95;2,19;49,42
AT13;90900;90900;2021;20211231;13.737;1;1.097;50;84;1.971;331,03;0,02;26,44;1,20;2,02;47,50
AT13;91000;91000;2021;20211231;71.131;19;6.318;326;391;7.870;336,48;0,09;29,89;1,54;1,85;37,23
AT13;91100;91100;2021;20211231;38.654;82;4.610;315;644;5.277;366,68;0,78;43,73;2,99;6,11;50,06
AT13;91200;91200;2021;20211231;34.873;3;3.050;179;146;3.993;357,75;0,03;31,29;1,84;1,50;40,96
AT13;91300;91300;2021;20211231;23.873;3;1.149;100;188;3.395;443,43;0,06;21,34;1,86;3,49;63,06
AT13;91400;91400;2021;20211231;35.207;3;2.190;99;255;5.300;378,13;0,03;23,52;1,06;2,74;56,92
AT13;91500;91500;2021;20211231;21.319;8;2.549;81;151;2.792;280,80;0,11;33,57;1,07;1,99;36,77
AT13;91600;91600;2021;20211231;32.716;11;2.932;101;223;4.560;321,00;0,11;28,77;0,99;2,19;44,74
AT13;91700;91700;2021;20211231;18.175;2;1.428;68;113;2.939;323,51;0,04;25,42;1,21;2,01;52,31
AT13;91800;91800;2021;20211231;18.367;6;918;64;95;2.758;360,56;0,12;18,02;1,26;1,86;54,14
AT13;91900;91900;2021;20211231;31.379;1;2.169;277;179;4.028;424,77;0,01;29,36;3,75;2,42;54,53
AT13;92000;92000;2021;20211231;24.110;492;1.783;94;112;2.726;284,70;5,81;21,05;1,11;1,32;32,19
AT13;92100;92100;2021;20211231;68.376;173;5.137;438;404;9.460;388,32;0,98;29,17;2,49;2,29;53,72
AT13;92200;92200;2021;20211231;85.949;10;6.950;615;648;12.303;428,31;0,05;34,63;3,06;3,23;61,31
AT13;92300;92300;2021;20211231;56.897;237;10.126;425;604;6.880;502,67;2,09;89,46;3,75;5,34;60,78
AT13;90000;90000;2022;20221231;726.125;4.232;77.759;4.275;6.638;97.369;370,35;2,16;39,66;2,18;3,39;49,66
AT13;90100;90100;2022;20221231;16.195;20;1.552;81;242;1.418;995,37;1,23;95,39;4,98;14,87;87,15
AT13;90200;90200;2022;20221231;34.160;11;3.387;132;373;4.081;320,85;0,10;31,81;1,24;3,50;38,33
AT13;90300;90300;2022;20221231;36.251;465;4.691;272;805;4.194;379,09;4,86;49,06;2,84;8,42;43,86
AT13;90400;90400;2022;20221231;11.916;2;1.051;61;135;1.433;356,84;0,06;31,47;1,83;4,04;42,91
AT13;90500;90500;2022;20221231;14.709;6;1.738;272;150;2.105;270,58;0,11;31,97;5,00;2,76;38,72
AT13;90600;90600;2022;20221231;9.700;1;904;44;97;1.481;309,60;0,03;28,85;1,40;3,10;47,27
AT13;90700;90700;2022;20221231;9.524;0;877;51;71;1.648;302,12;0,00;27,82;1,62;2,25;52,28
AT13;90800;90800;2022;20221231;7.287;0;504;23;49;1.189;297,89;0,00;20,60;0,94;2,00;48,61
AT13;90900;90900;2022;20221231;13.243;0;1.012;59;91;1.977;315,70;0,00;24,13;1,41;2,17;47,13
AT13;91000;91000;2022;20221231;70.952;22;6.399;352;388;8.079;328,88;0,10;29,66;1,63;1,80;37,45
AT13;91100;91100;2022;20221231;39.041;75;4.922;310;772;5.473;362,47;0,70;45,70;2,88;7,17;50,81
AT13;91200;91200;2022;20221231;34.617;4;2.968;170;148;4.003;348,94;0,04;29,92;1,71;1,49;40,35
AT13;91300;91300;2022;20221231;24.520;3;1.141;105;196;3.520;444,50;0,05;20,68;1,90;3,55;63,81
AT13;91400;91400;2022;20221231;35.097;4;2.041;112;283;5.460;369,44;0,04;21,48;1,18;2,98;57,47
AT13;91500;91500;2022;20221231;20.683;7;2.571;79;154;2.857;272,99;0,09;33,93;1,04;2,03;37,71
AT13;91600;91600;2022;20221231;32.354;17;2.852;100;218;4.559;316,69;0,17;27,92;0,98;2,13;44,62
AT13;91700;91700;2022;20221231;17.654;1;1.424;63;130;2.980;314,33;0,02;25,35;1,12;2,31;53,06
AT13;91800;91800;2022;20221231;17.978;10;909;63;100;2.793;349,75;0,19;17,68;1,23;1,95;54,34
AT13;91900;91900;2022;20221231;30.953;1;2.123;277;192;4.110;412,62;0,01;28,30;3,69;2,56;54,79
AT13;92000;92000;2022;20221231;23.614;539;1.814;98;115;2.746;277,75;6,34;21,34;1,15;1,35;32,30
AT13;92100;92100;2022;20221231;69.652;186;5.210;436;416;9.853;383,62;1,02;28,69;2,40;2,29;54,27
AT13;92200;92200;2022;20221231;87.541;9;6.756;622;683;13.005;419,83;0,04;32,40;2,98;3,28;62,37
AT13;92300;92300;2022;20221231;59.851;259;10.667;429;661;7.254;512,25;2,22;91,30;3,67;5,66;62,09
AT13;90000;90000;2023;20231231;730.947;4.250;79.340;4.298;6.903;98.722;366,73;2,13;39,81;2,16;3,46;49,53
AT13;90100;90100;2023;20231231;16.160;22;1.524;82;248;1.395;974,32;1,33;91,88;4,94;14,95;84,11
AT13;90200;90200;2023;20231231;34.545;9;3.453;136;385;4.183;316,80;0,08;31,67;1,25;3,53;38,36
AT13;90300;90300;2023;20231231;36.145;486;4.614;256;793;4.193;369,89;4,97;47,22;2,62;8,12;42,91
AT13;90400;90400;2023;20231231;11.622;3;996;51;141;1.429;348,12;0,09;29,83;1,53;4,22;42,80
AT13;90500;90500;2023;20231231;14.120;7;1.746;255;158;2.101;257,69;0,13;31,86;4,65;2,88;38,34
AT13;90600;90600;2023;20231231;9.508;0;965;50;90;1.475;302,97;0,00;30,75;1,59;2,87;47,00
AT13;90700;90700;2023;20231231;9.273;0;881;55;76;1.609;293,47;0,00;27,88;1,74;2,41;50,92
AT13;90800;90800;2023;20231231;7.133;0;495;23;47;1.177;291,76;0,00;20,25;0,94;1,92;48,14
AT13;90900;90900;2023;20231231;12.962;0;956;62;90;1.916;309,40;0,00;22,82;1,48;2,15;45,73
AT13;91000;91000;2023;20231231;70.989;19;6.557;358;398;8.173;323,77;0,09;29,91;1,63;1,82;37,28
AT13;91100;91100;2023;20231231;39.417;76;4.978;320;914;5.582;359,67;0,69;45,42;2,92;8,34;50,94
AT13;91200;91200;2023;20231231;34.531;6;2.858;182;152;4.074;341,66;0,06;28,28;1,80;1,50;40,31
AT13;91300;91300;2023;20231231;24.307;3;1.157;108;195;3.599;437,90;0,05;20,84;1,95;3,51;64,84
AT13;91400;91400;2023;20231231;35.053;4;2.015;110;283;5.552;359,29;0,04;20,65;1,13;2,90;56,91
AT13;91500;91500;2023;20231231;20.358;11;2.694;72;167;2.807;267,24;0,14;35,36;0,95;2,19;36,85
AT13;91600;91600;2023;20231231;32.256;11;2.901;107;222;4.473;313,81;0,11;28,22;1,04;2,16;43,52
AT13;91700;91700;2023;20231231;17.441;1;1.457;67;138;3.029;309,92;0,02;25,89;1,19;2,45;53,82
AT13;91800;91800;2023;20231231;17.722;8;936;60;98;2.856;344,53;0,16;18,20;1,17;1,91;55,52
AT13;91900;91900;2023;20231231;30.886;1;2.232;288;191;4.217;409,46;0,01;29,59;3,82;2,53;55,90
AT13;92000;92000;2023;20231231;23.562;545;1.746;96;122;2.773;273,25;6,32;20,25;1,11;1,41;32,16
AT13;92100;92100;2023;20231231;69.641;192;5.219;434;435;10.011;376,22;1,04;28,19;2,34;2,35;54,08
AT13;92200;92200;2023;20231231;91.601;10;7.407;621;696;13.463;423,18;0,05;34,22;2,87;3,22;62,20
AT13;92300;92300;2023;20231231;62.560;277;10.933;440;699;7.536;523,94;2,32;91,56;3,69;5,85;63,11
