ZNR,Public_Transport_Id
1075,60
1075,61
1075,845
1075,1187
1075,1370
1075,1640
1075,2462
1075,2468
1075,2469
1075,2470
1075,2502
1075,2513
1075,2520
1075,2521
1075,2522
1075,2523
1075,2524
1075,2798
1075,3518
1075,3522
1075,3528
1075,3529
1075,3681
1075,3803
1075,4291
1078,41
1078,78
1078,113
1078,114
1078,117
1078,151
1078,183
1078,240
1078,309
1078,310
1078,311
1078,312
1078,314
1078,337
1078,361
1078,374
1078,375
1078,409
1078,461
1078,491
1078,499
1078,502
1078,507
1078,590
1078,591
1078,592
1078,666
1078,761
1078,770
1078,776
1078,781
1078,782
1078,783
1078,784
1078,785
1078,787
1078,792
1078,793
1078,795
1078,796
1078,797
1078,824
1078,968
1078,1054
1078,1117
1078,1249
1078,1250
1078,1251
1078,1252
1078,1253
1078,1261
1078,1273
1078,1310
1078,1346
1078,1469
1078,1471
1078,1473
1078,1475
1078,1476
1078,1479
1078,1697
1078,1698
1078,1699
1078,1700
1078,1701
1078,1702
1078,1703
1078,1704
1078,1731
1078,1733
1078,1971
1078,1972
1078,2102
1078,2103
1078,2104
1078,2136
1078,2137
1078,2138
1078,2139
1078,2140
1078,2141
1078,2142
1078,2143
1078,2144
1078,2145
1078,2146
1078,2418
1078,2428
1078,3382
1078,3385
1078,3386
1078,3397
1078,3506
1078,3507
1078,3508
1078,3509
1078,3511
1078,3550
1078,3552
1078,3554
1078,3555
1078,3557
1078,3560
1078,3597
1078,3761
1078,3762
1078,3774
1078,3821
1078,3844
1078,4045
1078,4124
1078,4181
1078,4218
1078,4219
1078,4220
1078,4229
1078,4230
1078,4231
1078,4338
1078,4544
1078,4545
1078,4610
1089,88
1089,108
1089,195
1089,366
1089,391
1089,392
1089,646
1089,963
1089,964
1089,984
1089,991
1089,992
1089,993
1089,1086
1089,1266
1089,1267
1089,1268
1089,1269
1089,1270
1089,2149
1089,2472
1089,2473
1089,2612
1089,2613
1089,2614
1089,2615
1089,2620
1089,2623
1089,2624
1089,2627
1089,2632
1089,2633
1089,2778
1089,2782
1089,3125
1089,3126
1089,3132
1089,3133
1089,3534
1089,3535
1089,3632
1089,3828
1096,22
1096,69
1096,195
1096,295
1096,393
1096,811
1096,1067
1096,1084
1096,1086
1096,1263
1096,1266
1096,1267
1096,1268
1096,1269
1096,1392
1096,1395
1096,1396
1096,1397
1096,1398
1096,1540
1096,2149
1096,2476
1096,2614
1096,2615
1096,2620
1096,2621
1096,2622
1096,2634
1096,2643
1096,2781
1096,2787
1096,2788
1096,2794
1096,3117
1096,3131
1096,3828
1096,4187
1096,4188
1096,4189
1096,4333
1096,4335
1096,4336
1096,4339
1096,4343
1096,4344
1096,4345
1131,66
1131,81
1131,94
1131,153
1131,154
1131,156
1131,157
1131,158
1131,159
1131,209
1131,213
1131,225
1131,226
1131,317
1131,344
1131,399
1131,400
1131,459
1131,460
1131,488
1131,529
1131,530
1131,531
1131,546
1131,547
1131,567
1131,568
1131,569
1131,600
1131,650
1131,747
1131,978
1131,979
1131,980
1131,982
1131,1024
1131,1026
1131,1027
1131,1028
1131,1042
1131,1044
1131,1045
1131,1046
1131,1059
1131,1167
1131,1177
1131,1183
1131,1184
1131,1225
1131,1323
1131,1341
1131,1531
1131,1532
1131,1533
1131,1534
1131,1611
1131,1728
1131,1957
1131,1973
1131,1987
1131,1988
1131,2053
1131,2087
1131,2095
1131,2101
1131,2237
1131,2306
1131,2320
1131,2321
1131,2431
1131,2596
1131,2597
1131,2648
1131,3381
1131,3383
1131,3384
1131,3392
1131,3402
1131,3406
1131,3408
1131,3411
1131,3586
1131,3593
1131,3624
1131,3629
1131,3634
1131,3686
1131,3714
1131,3801
1131,3847
1131,3860
1131,3861
1131,3862
1131,3863
1131,3864
1131,3865
1131,3866
1131,3867
1131,4005
1131,4034
1131,4035
1131,4197
1131,4311
1131,4321
1131,4416
1131,4453
1131,4546
1131,4552
1170,11
1170,47
1170,57
1170,58
1170,80
1170,81
1170,141
1170,154
1170,170
1170,189
1170,229
1170,230
1170,231
1170,250
1170,334
1170,344
1170,387
1170,395
1170,396
1170,404
1170,455
1170,484
1170,485
1170,486
1170,487
1170,532
1170,533
1170,534
1170,535
1170,536
1170,537
1170,538
1170,539
1170,540
1170,541
1170,542
1170,543
1170,544
1170,545
1170,546
1170,547
1170,549
1170,550
1170,576
1170,577
1170,809
1170,837
1170,973
1170,1044
1170,1045
1170,1046
1170,1121
1170,1167
1170,1196
1170,1197
1170,1198
1170,1203
1170,1226
1170,1227
1170,1349
1170,1541
1170,1542
1170,1543
1170,1544
1170,1545
1170,1546
1170,1637
1170,1661
1170,1662
1170,1665
1170,1666
1170,1667
1170,1668
1170,1728
1170,1748
1170,1758
1170,1759
1170,1980
1170,1981
1170,1986
1170,2083
1170,2087
1170,2096
1170,2101
1170,2198
1170,2237
1170,2303
1170,2320
1170,2321
1170,2431
1170,2450
1170,2451
1170,2596
1170,2626
1170,2628
1170,2630
1170,2631
1170,2635
1170,2636
1170,2637
1170,2638
1170,2641
1170,2642
1170,3097
1170,3173
1170,3536
1170,3544
1170,3546
1170,3609
1170,3639
1170,3640
1170,3683
1170,3684
1170,3685
1170,3715
1170,3717
1170,3795
1170,3877
1170,4070
1170,4203
1170,4299
1170,4306
1170,4307
1170,4332
1170,4340
1170,4347
1170,4348
1170,4349
1170,4350
1170,4351
1170,4385
1170,4547
1170,4548
1170,4549
1170,4604
1171,11
1171,47
1171,57
1171,58
1171,80
1171,81
1171,141
1171,154
1171,170
1171,229
1171,230
1171,231
1171,334
1171,344
1171,387
1171,395
1171,396
1171,404
1171,455
1171,484
1171,485
1171,486
1171,487
1171,532
1171,533
1171,534
1171,535
1171,536
1171,537
1171,538
1171,539
1171,540
1171,541
1171,542
1171,543
1171,544
1171,545
1171,546
1171,547
1171,549
1171,550
1171,576
1171,577
1171,809
1171,837
1171,973
1171,1044
1171,1045
1171,1046
1171,1121
1171,1167
1171,1196
1171,1197
1171,1198
1171,1203
1171,1349
1171,1541
1171,1542
1171,1543
1171,1544
1171,1545
1171,1546
1171,1637
1171,1661
1171,1662
1171,1665
1171,1666
1171,1667
1171,1668
1171,1728
1171,1748
1171,1758
1171,1759
1171,1980
1171,1981
1171,1986
1171,2083
1171,2087
1171,2096
1171,2101
1171,2198
1171,2237
1171,2303
1171,2320
1171,2321
1171,2431
1171,2450
1171,2451
1171,2596
1171,2626
1171,2628
1171,2630
1171,2631
1171,2635
1171,2636
1171,2637
1171,2638
1171,2641
1171,2642
1171,3097
1171,3173
1171,3536
1171,3544
1171,3546
1171,3609
1171,3639
1171,3640
1171,3683
1171,3684
1171,3685
1171,3715
1171,3717
1171,3795
1171,3877
1171,4070
1171,4203
1171,4299
1171,4306
1171,4307
1171,4332
1171,4340
1171,4347
1171,4348
1171,4349
1171,4350
1171,4351
1171,4385
1171,4547
1171,4548
1171,4549
1171,4604
1172,11
1172,47
1172,57
1172,58
1172,80
1172,81
1172,141
1172,154
1172,170
1172,189
1172,229
1172,230
1172,231
1172,250
1172,334
1172,344
1172,387
1172,395
1172,396
1172,404
1172,455
1172,484
1172,485
1172,486
1172,487
1172,529
1172,532
1172,533
1172,534
1172,535
1172,536
1172,537
1172,538
1172,539
1172,540
1172,541
1172,542
1172,543
1172,544
1172,545
1172,546
1172,547
1172,549
1172,550
1172,576
1172,577
1172,809
1172,837
1172,973
1172,1044
1172,1045
1172,1046
1172,1121
1172,1167
1172,1196
1172,1197
1172,1198
1172,1203
1172,1226
1172,1227
1172,1349
1172,1541
1172,1542
1172,1543
1172,1544
1172,1545
1172,1546
1172,1637
1172,1661
1172,1662
1172,1663
1172,1665
1172,1666
1172,1667
1172,1668
1172,1672
1172,1728
1172,1748
1172,1758
1172,1759
1172,1980
1172,1981
1172,1986
1172,2083
1172,2087
1172,2096
1172,2101
1172,2198
1172,2237
1172,2303
1172,2320
1172,2321
1172,2431
1172,2450
1172,2451
1172,2596
1172,2626
1172,2628
1172,2630
1172,2631
1172,2635
1172,2636
1172,2637
1172,2638
1172,2641
1172,2642
1172,3097
1172,3536
1172,3544
1172,3546
1172,3639
1172,3640
1172,3683
1172,3684
1172,3685
1172,3715
1172,3717
1172,3795
1172,3814
1172,3815
1172,3877
1172,4070
1172,4203
1172,4299
1172,4306
1172,4307
1172,4332
1172,4340
1172,4347
1172,4348
1172,4349
1172,4350
1172,4351
1172,4385
1172,4547
1172,4548
1172,4549
1172,4604
1177,28
1177,142
1177,143
1177,144
1177,472
1177,938
1177,939
1177,1063
1177,1065
1177,1537
1177,1778
1177,2296
1177,2490
1177,2491
1177,2515
1177,2516
1177,2779
1177,2792
1177,2793
1177,2795
1177,2796
1177,3052
1177,3053
1177,3069
1177,3070
1177,3072
1177,3077
1177,3079
1177,3674
1177,3780
1177,3879
1177,4136
1177,4137
1177,4292
1177,4472
1179,12
1179,128
1179,508
1179,566
1179,675
1179,676
1179,678
1179,680
1179,681
1179,683
1179,685
1179,686
1179,1208
1179,2109
1179,2110
1179,2111
1179,2112
1179,2113
1179,2118
1179,2160
1179,2163
1179,2164
1179,2167
1179,2183
1179,3710
1179,4049
1179,4091
1179,4232
1179,4233
1179,4406
1179,4407
1179,4411
1179,4412
1180,335
1180,852
1180,854
1180,855
1180,863
1180,864
1180,927
1180,974
1180,1071
1180,1072
1180,1073
1180,1074
1180,1173
1180,1174
1180,1231
1180,1232
1180,1233
1180,1484
1180,1734
1180,2099
1180,2119
1180,2124
1180,2125
1180,2127
1180,2128
1180,2129
1180,2130
1180,2131
1180,2378
1180,2379
1180,3349
1180,3889
1180,4057
1180,4058
1180,4528
1181,180
1181,613
1181,852
1181,853
1181,1070
1181,1072
1181,1173
1181,2100
1181,2132
1181,3723
1181,4050
1182,135
1182,137
1182,138
1182,139
1182,202
1182,224
1182,709
1182,719
1182,1143
1182,1291
1182,1292
1182,1293
1182,1357
1182,1358
1182,1360
1182,1361
1182,1576
1182,1577
1182,1585
1182,1586
1182,1587
1182,1588
1182,1589
1182,1596
1182,3594
1182,4013
1182,4014
1182,4015
1182,4016
1182,4017
1182,4018
1182,4103
1184,4037
1187,7
1187,36
1187,126
1187,278
1187,607
1187,657
1187,674
1187,679
1187,684
1187,1209
1187,1229
1187,2172
1187,2179
1187,2181
1187,2184
1187,2185
1187,2187
1187,2188
1187,2693
1187,2694
1187,2701
1187,3364
1187,3366
1187,3372
1187,3373
1187,3374
1187,3375
1187,3378
1187,3380
1187,3948
1187,3960
1187,4023
1187,4024
1187,4163
1187,4298
1187,4529
1187,4533
1188,7
1188,126
1188,127
1188,278
1188,587
1188,588
1188,589
1188,607
1188,657
1188,674
1188,679
1188,684
1188,857
1188,1209
1188,1210
1188,1229
1188,2171
1188,2172
1188,2177
1188,2178
1188,2179
1188,2181
1188,2184
1188,2185
1188,2187
1188,2188
1188,2693
1188,2694
1188,3364
1188,3366
1188,3372
1188,3373
1188,3374
1188,3378
1188,4023
1188,4024
1188,4073
1188,4093
1188,4162
1188,4163
1188,4298
1188,4301
1188,4529
1189,20
1189,43
1189,90
1189,91
1189,92
1189,268
1189,269
1189,384
1189,417
1189,456
1189,474
1189,635
1189,636
1189,637
1189,833
1189,838
1189,961
1189,962
1189,987
1189,1182
1189,1185
1189,2854
1189,2856
1189,2861
1189,2873
1189,2874
1189,2877
1189,2878
1189,2880
1189,2889
1189,2892
1189,2897
1189,2899
1189,2907
1189,3671
1189,3890
1189,4075
1189,4175
1189,4176
1189,4177
1189,4179
1189,4442
1189,4443
1189,4447
1189,4448
1189,4449
1190,112
1190,930
1190,950
1190,951
1190,952
1190,954
1190,1000
1190,1007
1190,1008
1190,1153
1190,1189
1190,1199
1190,1955
1190,1956
1190,2345
1190,2346
1190,2347
1190,2357
1190,2358
1190,2359
1190,2360
1190,2361
1190,2924
1190,2930
1190,2934
1190,3779
1190,3846
1190,4433
1190,4554
1190,4555
1190,4560
1190,4595
1191,2
1191,6
1191,178
1191,849
1191,1228
1191,2203
1191,3417
1191,3426
1191,3431
1191,3432
1191,3433
1191,3435
1191,3436
1191,3439
1191,3442
1191,3443
1191,3449
1191,3450
1191,3651
1191,3652
1191,4036
1192,2
1192,6
1192,18
1192,100
1192,177
1192,178
1192,849
1192,925
1192,926
1192,1107
1192,1228
1192,2458
1192,3416
1192,3418
1192,3419
1192,3420
1192,3421
1192,3422
1192,3423
1192,3424
1192,3427
1192,3428
1192,3429
1192,3430
1192,3434
1192,3437
1192,3438
1192,3440
1192,3444
1192,3445
1192,3446
1192,3447
1192,3448
1192,3449
1192,3450
1192,3496
1192,3501
1192,3502
1192,3664
1192,4337
1192,4512
1192,4514
1192,4515
1193,15
1193,16
1193,1078
1194,23
1194,121
1194,382
1194,390
1194,481
1194,586
1194,638
1194,640
1194,641
1194,643
1194,689
1194,835
1194,1020
1194,1132
1194,1200
1194,1629
1194,1630
1194,2076
1194,2866
1194,2869
1194,3614
1194,3615
1194,3657
1194,3667
1194,4185
1194,4186
1194,4375
1194,4450
1195,64
1195,302
1195,479
1195,620
1195,1632
1195,1633
1195,1634
1195,2272
1195,2940
1195,2941
1195,2942
1195,2943
1195,2948
1195,2949
1195,3911
1195,4168
1196,42
1196,253
1196,373
1196,420
1196,426
1196,602
1196,618
1196,619
1196,903
1196,943
1196,944
1196,945
1196,946
1196,947
1196,1003
1196,1013
1196,1014
1196,1015
1196,1106
1196,1762
1196,1763
1196,1770
1196,1773
1196,1840
1196,1850
1196,1856
1196,1858
1196,1860
1196,1861
1196,1916
1196,2105
1196,2540
1196,2541
1196,2556
1196,2571
1196,2584
1196,2585
1196,2588
1196,2590
1196,2591
1196,2592
1196,2593
1196,2594
1196,2840
1196,3718
1196,3798
1196,3927
1196,4172
1196,4430
1196,4609
1197,200
1197,227
1197,277
1197,421
1197,551
1197,621
1197,622
1197,1448
1197,1449
1197,1750
1197,1894
1197,1895
1197,1900
1197,1923
1197,1924
1197,1938
1197,1939
1197,1947
1197,1948
1197,1949
1197,1951
1197,2077
1197,2268
1197,2269
1197,2270
1197,2925
1197,2926
1197,2933
1197,2950
1197,3525
1197,3662
1197,3668
1197,4330
1197,4452
1198,29
1198,276
1198,299
1198,326
1198,415
1198,477
1198,493
1198,513
1198,832
1198,834
1198,1051
1198,1052
1198,1053
1198,2331
1198,2426
1198,3106
1198,3109
1198,3110
1198,3113
1198,3114
1198,3933
1198,4320
1198,4388
1199,1779
1199,1780
1199,1787
1199,1810
1199,2575
1199,2816
1199,2819
1199,2825
1199,2826
1199,2829
1199,2831
1200,36
1200,278
1200,2676
1200,2692
1200,2693
1200,2694
1200,2700
1200,2701
1200,2704
1200,2705
1200,2707
1200,2708
1200,3004
1200,3366
1200,3372
1200,3373
1200,3374
1200,3905
1200,3948
1200,3949
1200,3960
1200,3962
1200,4023
1200,4024
1200,4298
1200,4529
1200,4533
1201,36
1201,2676
1201,2692
1201,2693
1201,2694
1201,2700
1201,2701
1201,2704
1201,2705
1201,2707
1201,2708
1201,3004
1201,3372
1201,3373
1201,3374
1201,3905
1201,3948
1201,3949
1201,3960
1201,3962
1201,4533
1202,36
1202,2676
1202,2692
1202,2693
1202,2694
1202,2700
1202,2701
1202,2704
1202,2705
1202,3004
1202,3372
1202,3373
1202,3374
1202,3905
1202,3948
1202,3949
1202,3960
1202,3962
1202,4023
1202,4533
1203,47
1203,57
1203,80
1203,84
1203,155
1203,161
1203,229
1203,263
1203,264
1203,303
1203,334
1203,344
1203,356
1203,365
1203,387
1203,388
1203,404
1203,455
1203,532
1203,533
1203,534
1203,535
1203,536
1203,537
1203,538
1203,539
1203,540
1203,541
1203,542
1203,543
1203,544
1203,545
1203,548
1203,549
1203,550
1203,576
1203,577
1203,610
1203,665
1203,973
1203,1029
1203,1030
1203,1197
1203,1198
1203,1305
1203,1321
1203,1322
1203,1324
1203,1457
1203,1459
1203,1461
1203,1506
1203,1507
1203,1508
1203,1509
1203,1546
1203,1637
1203,1745
1203,1748
1203,1749
1203,1758
1203,1759
1203,1980
1203,1981
1203,1984
1203,1985
1203,2096
1203,2108
1203,2198
1203,2448
1203,2635
1203,2636
1203,2639
1203,2641
1203,2642
1203,3097
1203,3163
1203,3164
1203,3170
1203,3173
1203,3543
1203,3544
1203,3546
1203,3640
1203,3649
1203,3715
1203,3719
1203,3720
1203,3725
1203,3726
1203,3736
1203,3737
1203,3744
1203,3745
1203,3877
1203,4070
1203,4123
1203,4203
1203,4294
1203,4299
1203,4352
1203,4549
1203,4585
1203,4586
1203,4604
1204,57
1204,84
1204,155
1204,161
1204,166
1204,229
1204,264
1204,303
1204,334
1204,356
1204,365
1204,386
1204,387
1204,388
1204,404
1204,455
1204,533
1204,535
1204,536
1204,538
1204,539
1204,540
1204,541
1204,542
1204,545
1204,548
1204,549
1204,576
1204,577
1204,610
1204,847
1204,973
1204,985
1204,1197
1204,1198
1204,1257
1204,1258
1204,1305
1204,1306
1204,1320
1204,1321
1204,1322
1204,1324
1204,1457
1204,1459
1204,1461
1204,1506
1204,1507
1204,1508
1204,1509
1204,1542
1204,1545
1204,1546
1204,1745
1204,1748
1204,1749
1204,1758
1204,1759
1204,1980
1204,1981
1204,1984
1204,1985
1204,2003
1204,2008
1204,2108
1204,2198
1204,2440
1204,2448
1204,2450
1204,2451
1204,2625
1204,2630
1204,2635
1204,2636
1204,2639
1204,2641
1204,2642
1204,3163
1204,3164
1204,3170
1204,3173
1204,3543
1204,3544
1204,3546
1204,3609
1204,3640
1204,3649
1204,3715
1204,3720
1204,3725
1204,3726
1204,3736
1204,3737
1204,3744
1204,3745
1204,3877
1204,4070
1204,4123
1204,4203
1204,4204
1204,4290
1204,4294
1204,4299
1204,4332
1204,4340
1204,4352
1204,4385
1204,4457
1204,4459
1204,4460
1204,4462
1204,4585
1204,4604
1205,13
1205,162
1205,163
1205,260
1205,261
1205,308
1205,397
1205,509
1205,511
1205,932
1205,1035
1205,1304
1205,1326
1205,1328
1205,1329
1205,1330
1205,1331
1205,1333
1205,1340
1205,1406
1205,1413
1205,1419
1205,1422
1205,1423
1205,1424
1205,1425
1205,1426
1205,1427
1205,1431
1205,1433
1205,1621
1205,1622
1205,1624
1205,1626
1205,1627
1205,1644
1205,1645
1205,1646
1205,1647
1205,1648
1205,1649
1205,1650
1205,1651
1205,1652
1205,1653
1205,1680
1205,1681
1205,1682
1205,1691
1205,2012
1205,2155
1205,2744
1205,2745
1205,2751
1205,2752
1205,2758
1205,2759
1205,2765
1205,2766
1205,2768
1205,2776
1205,2777
1205,2935
1205,3180
1205,3183
1205,3184
1205,3626
1205,3990
1205,3991
1205,4033
1205,4194
1205,4202
1205,4209
1205,4214
1205,4360
1205,4361
1205,4362
1205,4363
1205,4364
1205,4365
1205,4366
1205,4451
1205,4454
1205,4455
1206,24
1206,25
1206,27
1206,116
1206,172
1206,173
1206,498
1206,500
1206,601
1206,627
1206,628
1206,662
1206,664
1206,733
1206,772
1206,786
1206,931
1206,942
1206,1124
1206,1436
1206,1437
1206,1472
1206,1478
1206,1597
1206,1598
1206,1599
1206,1600
1206,1601
1206,1602
1206,1603
1206,1604
1206,1605
1206,1606
1206,1705
1206,1706
1206,1710
1206,1711
1206,1712
1206,1713
1206,1714
1206,1715
1206,1724
1206,1730
1206,1732
1206,1961
1206,1964
1206,1965
1206,1966
1206,2158
1206,2161
1206,2195
1206,2746
1206,2747
1206,2760
1206,2761
1206,2762
1206,2763
1206,3325
1206,3326
1206,3327
1206,3328
1206,3329
1206,3331
1206,3335
1206,3336
1206,3338
1206,3768
1206,3769
1206,3770
1206,3771
1206,4059
1206,4060
1206,4424
1206,4463
1207,123
1207,124
1207,147
1207,329
1207,624
1207,812
1207,813
1207,815
1207,843
1207,844
1207,1095
1207,1096
1207,1097
1207,1098
1207,1099
1207,1161
1207,1162
1207,1201
1207,2017
1207,2018
1207,2019
1207,2023
1207,2024
1207,2094
1207,2186
1207,2190
1207,2297
1207,2337
1207,2338
1207,2339
1207,2340
1207,2341
1207,2664
1207,2677
1207,2678
1207,2680
1207,2683
1207,2691
1207,2702
1207,2703
1207,3362
1207,3363
1207,3562
1207,3563
1207,3711
1207,3776
1207,4166
1207,4477
1208,122
1208,123
1208,129
1208,150
1208,181
1208,245
1208,279
1208,464
1208,468
1208,469
1208,470
1208,471
1208,631
1208,632
1208,633
1208,814
1208,815
1208,816
1208,1036
1208,1039
1208,1040
1208,1100
1208,1101
1208,1102
1208,1103
1208,1115
1208,1123
1208,1134
1208,1204
1208,1245
1208,1246
1208,1256
1208,1272
1208,1307
1208,1308
1208,1309
1208,1467
1208,1631
1208,1707
1208,1726
1208,1727
1208,1954
1208,1989
1208,1991
1208,2027
1208,2028
1208,2031
1208,2036
1208,2045
1208,2046
1208,2050
1208,2051
1208,2201
1208,2202
1208,2216
1208,2310
1208,2645
1208,2646
1208,2647
1208,2650
1208,2654
1208,2657
1208,2662
1208,2673
1208,3355
1208,3356
1208,3361
1208,3365
1208,3400
1208,3401
1208,3403
1208,3724
1208,3727
1208,3756
1208,3845
1208,4051
1209,3
1209,272
1209,318
1209,319
1209,669
1209,844
1209,850
1209,879
1209,880
1209,886
1209,887
1209,888
1209,889
1209,892
1209,893
1209,2020
1209,2021
1209,2022
1209,2024
1209,2199
1209,2663
1209,2666
1209,2667
1209,2668
1209,2669
1209,2670
1209,2688
1209,2696
1209,3277
1209,3278
1209,3280
1209,3281
1209,3282
1209,3283
1209,3285
1209,3286
1209,3295
1209,3304
1209,3305
1209,3311
1209,3312
1209,3313
1209,3316
1209,3317
1209,3351
1209,3352
1209,3353
1209,3617
1209,3618
1209,3722
1209,3731
1209,3874
1209,4043
1209,4095
1209,4096
1209,4423
1209,4425
1209,4524
1209,4527
1210,25
1210,118
1210,173
1210,397
1210,498
1210,516
1210,771
1210,772
1210,789
1210,836
1210,918
1210,932
1210,1083
1210,1340
1210,1406
1210,1407
1210,1408
1210,1409
1210,1410
1210,1411
1210,1412
1210,1413
1210,1416
1210,1417
1210,1418
1210,1419
1210,1420
1210,1421
1210,1422
1210,1423
1210,1424
1210,1425
1210,1426
1210,1430
1210,1431
1210,1432
1210,1433
1210,1600
1210,1605
1210,1621
1210,1624
1210,1626
1210,1627
1210,1654
1210,1655
1210,1680
1210,1681
1210,1682
1210,1729
1210,2159
1210,2746
1210,2747
1210,2757
1210,2765
1210,2766
1210,2767
1210,2771
1210,2772
1210,2776
1210,2777
1210,3227
1210,3228
1210,3230
1210,3247
1210,3248
1210,3249
1210,3253
1210,3257
1210,3258
1210,3262
1210,3263
1210,3270
1210,3642
1210,3797
1210,3908
1210,3987
1210,3988
1210,3989
1210,3990
1210,3991
1210,3992
1210,3993
1211,246
1211,408
1211,2323
1211,3004
1211,3008
1211,3009
1211,3010
1211,3011
1211,3012
1211,3551
1211,3858
1211,3949
1211,3962
1211,4025
1211,4531
1211,4532
1212,168
1212,248
1212,602
1212,762
1212,763
1212,1014
1212,1015
1212,1351
1212,1858
1212,1916
1212,1933
1212,1934
1212,1935
1212,1937
1212,2386
1212,2490
1212,2491
1212,2506
1212,2514
1212,2540
1212,2547
1212,2548
1212,2556
1212,2570
1212,2582
1212,2583
1212,2584
1212,2590
1212,2591
1212,2594
1212,2840
1212,3798
1212,4397
1213,1
1213,30
1213,79
1213,102
1213,103
1213,104
1213,114
1213,115
1213,152
1213,174
1213,259
1213,297
1213,298
1213,322
1213,323
1213,324
1213,325
1213,328
1213,377
1213,399
1213,409
1213,435
1213,441
1213,442
1213,460
1213,517
1213,665
1213,694
1213,802
1213,827
1213,1024
1213,1029
1213,1117
1213,1129
1213,1259
1213,1260
1213,1274
1213,1275
1213,1276
1213,1277
1213,1278
1213,1279
1213,1325
1213,1347
1213,1428
1213,1429
1213,1434
1213,1435
1213,1468
1213,1477
1213,1500
1213,1501
1213,1502
1213,1503
1213,1504
1213,1505
1213,1613
1213,1614
1213,1615
1213,1616
1213,1694
1213,1695
1213,1736
1213,1737
1213,1739
1213,1757
1213,1972
1213,3254
1213,3255
1213,3256
1213,3260
1213,3261
1213,3266
1213,3271
1213,3274
1213,3275
1213,3381
1213,3383
1213,3384
1213,3387
1213,3388
1213,3391
1213,3392
1213,3395
1213,3396
1213,3553
1213,3714
1213,3716
1213,3719
1213,3766
1213,3767
1213,3772
1213,3773
1213,3777
1213,3778
1213,3820
1213,3821
1213,3998
1213,3999
1213,4000
1213,4001
1213,4002
1213,4003
1213,4004
1213,4182
1213,4212
1213,4415
1213,4417
1213,4473
1213,4561
1213,4575
1214,1
1214,30
1214,72
1214,73
1214,77
1214,79
1214,104
1214,105
1214,114
1214,115
1214,183
1214,259
1214,297
1214,309
1214,312
1214,313
1214,322
1214,323
1214,324
1214,325
1214,377
1214,398
1214,403
1214,405
1214,427
1214,434
1214,435
1214,441
1214,442
1214,507
1214,517
1214,528
1214,694
1214,765
1214,766
1214,802
1214,818
1214,822
1214,824
1214,827
1214,841
1214,965
1214,968
1214,1117
1214,1129
1214,1130
1214,1259
1214,1260
1214,1262
1214,1274
1214,1275
1214,1276
1214,1277
1214,1278
1214,1279
1214,1280
1214,1282
1214,1283
1214,1284
1214,1311
1214,1325
1214,1402
1214,1403
1214,1404
1214,1405
1214,1415
1214,1428
1214,1429
1214,1434
1214,1435
1214,1468
1214,1469
1214,1477
1214,1479
1214,1500
1214,1501
1214,1502
1214,1503
1214,1504
1214,1505
1214,1613
1214,1614
1214,1615
1214,1616
1214,1679
1214,1694
1214,1695
1214,1972
1214,2001
1214,3254
1214,3255
1214,3256
1214,3257
1214,3259
1214,3260
1214,3261
1214,3266
1214,3270
1214,3271
1214,3274
1214,3275
1214,3550
1214,3571
1214,3572
1214,3575
1214,3576
1214,3766
1214,3767
1214,3772
1214,3773
1214,3777
1214,3778
1214,3820
1214,3821
1214,3923
1214,3994
1214,3995
1214,3996
1214,3997
1214,3998
1214,3999
1214,4000
1214,4001
1214,4003
1214,4004
1214,4182
1214,4212
1214,4417
1214,4473
1214,4561
1215,42
1215,46
1215,164
1215,165
1215,169
1215,253
1215,373
1215,426
1215,602
1215,603
1215,604
1215,615
1215,616
1215,618
1215,619
1215,807
1215,903
1215,941
1215,943
1215,1003
1215,1013
1215,1014
1215,1015
1215,1016
1215,1106
1215,1350
1215,1353
1215,1535
1215,1760
1215,1766
1215,1767
1215,1770
1215,1776
1215,1777
1215,1782
1215,1785
1215,1786
1215,1794
1215,1795
1215,1797
1215,1798
1215,1802
1215,1847
1215,1848
1215,1850
1215,1856
1215,1858
1215,1859
1215,1860
1215,1861
1215,1879
1215,1941
1215,1944
1215,1945
1215,1953
1215,2386
1215,2494
1215,2495
1215,2503
1215,2504
1215,2509
1215,2528
1215,2837
1215,2840
1215,2936
1215,3718
1215,3790
1215,3792
1215,3798
1215,3880
1215,3927
1215,4032
1215,4040
1215,4063
1215,4398
1215,4430
1215,4556
1215,4557
1215,4559
1216,145
1216,241
1216,285
1216,503
1216,566
1216,671
1216,675
1216,677
1216,683
1216,686
1216,687
1216,851
1216,869
1216,922
1216,924
1216,933
1216,1116
1216,1174
1216,1175
1216,1176
1216,1234
1216,1235
1216,2120
1216,2121
1216,2122
1216,2123
1216,2182
1216,2248
1216,2380
1216,2432
1216,2433
1216,2964
1216,2976
1216,2977
1216,2978
1216,2979
1216,3346
1216,3347
1216,4049
1217,1
1217,30
1217,79
1217,80
1217,102
1217,103
1217,104
1217,115
1217,152
1217,155
1217,161
1217,263
1217,264
1217,297
1217,322
1217,323
1217,324
1217,325
1217,328
1217,344
1217,356
1217,377
1217,399
1217,434
1217,435
1217,441
1217,442
1217,455
1217,460
1217,532
1217,533
1217,548
1217,610
1217,665
1217,694
1217,827
1217,1024
1217,1029
1217,1030
1217,1259
1217,1260
1217,1281
1217,1283
1217,1284
1217,1305
1217,1325
1217,1335
1217,1381
1217,1428
1217,1429
1217,1435
1217,1500
1217,1501
1217,1502
1217,1503
1217,1504
1217,1505
1217,1613
1217,1614
1217,1615
1217,1616
1217,1694
1217,1695
1217,1736
1217,1737
1217,1739
1217,1745
1217,1757
1217,2001
1217,2096
1217,3256
1217,3260
1217,3261
1217,3266
1217,3271
1217,3274
1217,3275
1217,3381
1217,3383
1217,3384
1217,3391
1217,3392
1217,3395
1217,3396
1217,3714
1217,3716
1217,3719
1217,3720
1217,3772
1217,3773
1217,3777
1217,3820
1217,3998
1217,3999
1217,4000
1217,4001
1217,4002
1217,4003
1217,4004
1217,4123
1217,4182
1217,4212
1217,4294
1217,4321
1217,4359
1217,4371
1217,4415
1217,4417
1217,4473
1217,4561
1217,4575
1217,4585
1217,4586
1218,4037
1219,5
1219,107
1219,208
1219,255
1219,296
1219,367
1219,368
1219,369
1219,370
1219,371
1219,413
1219,431
1219,489
1219,846
1219,976
1219,1075
1219,1164
1219,1312
1219,1314
1219,1316
1219,1455
1219,1456
1219,1480
1219,1481
1219,1482
1219,1483
1219,1523
1219,1524
1219,1525
1219,1526
1219,1528
1219,1746
1219,1751
1219,1752
1219,1753
1219,1754
1219,1755
1219,2150
1219,2151
1219,2152
1219,2153
1219,2154
1219,2220
1219,2221
1219,2316
1219,2427
1219,2438
1219,2439
1219,2441
1219,2445
1219,2447
1219,2748
1219,2755
1219,2770
1219,2773
1219,2783
1219,2784
1219,3147
1219,3619
1219,3635
1219,3637
1219,3638
1219,3654
1219,3738
1219,3854
1219,3868
1219,3869
1219,4026
1219,4041
1219,4148
1219,4149
1219,4150
1219,4151
1219,4157
1219,4158
1219,4159
1219,4160
1219,4161
1219,4426
1220,11
1220,40
1220,47
1220,81
1220,94
1220,148
1220,153
1220,154
1220,156
1220,157
1220,158
1220,159
1220,170
1220,189
1220,209
1220,213
1220,225
1220,226
1220,230
1220,231
1220,250
1220,317
1220,395
1220,396
1220,400
1220,459
1220,484
1220,487
1220,488
1220,529
1220,530
1220,531
1220,543
1220,546
1220,547
1220,550
1220,567
1220,568
1220,569
1220,570
1220,571
1220,572
1220,573
1220,574
1220,600
1220,634
1220,650
1220,747
1220,809
1220,978
1220,980
1220,1026
1220,1027
1220,1028
1220,1042
1220,1044
1220,1045
1220,1046
1220,1157
1220,1167
1220,1177
1220,1196
1220,1203
1220,1225
1220,1226
1220,1227
1220,1323
1220,1341
1220,1349
1220,1611
1220,1666
1220,1667
1220,1668
1220,1669
1220,1670
1220,1672
1220,1674
1220,1675
1220,1676
1220,1728
1220,1957
1220,1960
1220,1987
1220,1988
1220,2081
1220,2083
1220,2085
1220,2087
1220,2089
1220,2095
1220,2101
1220,2237
1220,2278
1220,2320
1220,2321
1220,2431
1220,2596
1220,2597
1220,2648
1220,3066
1220,3406
1220,3549
1220,3593
1220,3629
1220,3634
1220,3639
1220,3684
1220,3685
1220,3795
1220,3796
1220,3801
1220,3814
1220,3815
1220,3816
1220,3817
1220,3860
1220,3861
1220,3862
1220,3863
1220,3864
1220,3865
1220,3866
1220,3867
1220,4005
1220,4034
1220,4035
1220,4284
1220,4348
1220,4350
1220,4351
1220,4416
1220,4453
1220,4546
1220,4552
1221,232
1221,234
1221,385
1221,659
1221,698
1221,842
1221,1041
1221,1137
1221,1139
1221,1140
1221,1141
1221,1142
1221,1192
1221,1368
1221,1569
1221,1571
1221,1642
1221,2030
1221,2032
1221,2038
1221,2060
1221,2061
1221,2649
1221,2659
1221,2799
1221,2970
1221,2971
1221,2972
1221,2973
1221,2974
1221,2975
1221,2987
1221,2991
1221,2992
1221,2995
1221,2996
1221,3579
1221,3712
1221,3934
1221,3935
1221,3936
1221,3937
1221,3941
1221,3944
1221,4046
1221,4135
1221,4198
1221,4389
1222,47
1222,79
1222,80
1222,84
1222,102
1222,103
1222,104
1222,152
1222,155
1222,161
1222,229
1222,263
1222,264
1222,297
1222,303
1222,324
1222,328
1222,334
1222,344
1222,356
1222,377
1222,399
1222,404
1222,434
1222,435
1222,441
1222,442
1222,455
1222,460
1222,529
1222,532
1222,533
1222,534
1222,535
1222,536
1222,537
1222,538
1222,539
1222,540
1222,541
1222,542
1222,548
1222,549
1222,550
1222,576
1222,610
1222,665
1222,1024
1222,1029
1222,1030
1222,1167
1222,1259
1222,1260
1222,1281
1222,1283
1222,1284
1222,1303
1222,1305
1222,1321
1222,1322
1222,1324
1222,1325
1222,1335
1222,1381
1222,1428
1222,1429
1222,1457
1222,1459
1222,1614
1222,1616
1222,1694
1222,1695
1222,1728
1222,1736
1222,1737
1222,1739
1222,1745
1222,1757
1222,1758
1222,1759
1222,2096
1222,2320
1222,2321
1222,2431
1222,3163
1222,3164
1222,3170
1222,3173
1222,3256
1222,3266
1222,3271
1222,3381
1222,3392
1222,3649
1222,3714
1222,3715
1222,3716
1222,3719
1222,3720
1222,3744
1222,3877
1222,4000
1222,4001
1222,4002
1222,4003
1222,4004
1222,4123
1222,4203
1222,4294
1222,4321
1222,4352
1222,4359
1222,4371
1222,4415
1222,4417
1222,4561
1222,4575
1222,4585
1222,4586
1222,4604
1223,69
1223,70
1223,86
1223,87
1223,88
1223,249
1223,296
1223,369
1223,370
1223,371
1223,392
1223,393
1223,821
1223,848
1223,984
1223,1263
1223,1264
1223,1314
1223,1392
1223,1393
1223,1394
1223,1480
1223,1481
1223,1482
1223,1483
1223,1485
1223,1486
1223,1487
1223,1490
1223,1491
1223,1493
1223,1496
1223,1746
1223,2002
1223,2004
1223,2005
1223,2436
1223,2437
1223,2438
1223,2439
1223,2441
1223,2443
1223,2445
1223,2447
1223,2456
1223,2457
1223,2616
1223,2617
1223,2618
1223,2619
1223,2632
1223,2633
1223,2755
1223,2778
1223,2782
1223,2783
1223,3115
1223,3116
1223,3119
1223,3120
1223,3125
1223,3126
1223,3127
1223,3128
1223,3132
1223,3133
1223,3627
1223,3628
1223,3630
1223,3632
1223,3854
1223,3869
1223,4148
1223,4149
1223,4158
1223,4159
1223,4160
1223,4161
1223,4272
1223,4273
1223,4274
1223,4275
1223,4343
1223,4344
1223,4386
1223,4426
1223,4458
1223,4461
1223,4572
1224,67
1224,119
1224,227
1224,418
1224,551
1224,621
1224,622
1224,953
1224,954
1224,955
1224,1153
1224,1750
1224,1894
1224,1895
1224,1899
1224,1947
1224,1948
1224,1949
1224,1955
1224,2077
1224,2098
1224,2266
1224,2269
1224,2270
1224,2271
1224,2274
1224,2872
1224,2875
1224,2876
1224,2882
1224,2883
1224,2884
1224,2885
1224,2886
1224,2919
1224,2920
1224,2922
1224,2928
1224,2931
1224,2932
1224,2933
1224,3517
1224,3520
1224,3526
1224,3669
1224,3799
1224,3824
1224,3825
1224,3826
1224,4433
1224,4434
1224,4483
1224,4573
1224,4574
1600,41
1600,78
1600,99
1600,151
1600,311
1600,314
1600,320
1600,361
1600,590
1600,591
1600,592
1600,752
1600,761
1600,770
1600,776
1600,781
1600,782
1600,785
1600,787
1600,795
1600,796
1600,797
1600,800
1600,935
1600,936
1600,937
1600,969
1600,1036
1600,1054
1600,1248
1600,1249
1600,1250
1600,1251
1600,1255
1600,1256
1600,1271
1600,1273
1600,1310
1600,1346
1600,1465
1600,1466
1600,1467
1600,1697
1600,1698
1600,1699
1600,1701
1600,1702
1600,1703
1600,1704
1600,2102
1600,2104
1600,2418
1600,2428
1600,2764
1600,2801
1600,3354
1600,3356
1600,3382
1600,3385
1600,3386
1600,3397
1600,3399
1600,3400
1600,3404
1600,3405
1600,3413
1600,3414
1600,3503
1600,3504
1600,3505
1600,3506
1600,3507
1600,3508
1600,3509
1600,3510
1600,3511
1600,3552
1600,3554
1600,3555
1600,3556
1600,3557
1600,3560
1600,3570
1600,3655
1600,3724
1600,3727
1600,3844
1600,3845
1600,4048
1600,4180
1600,4216
1600,4218
1600,4219
1600,4220
1600,4230
1600,4231
1600,4338
1600,4544
1600,4610
1603,200
1603,201
1603,336
1603,551
1603,621
1603,622
1603,956
1603,1379
1603,1448
1603,1449
1603,1750
1603,1840
1603,1894
1603,1895
1603,1897
1603,1898
1603,1900
1603,1924
1603,1925
1603,1936
1603,1947
1603,1948
1603,1949
1603,2105
1603,2586
1603,2587
1603,2588
1603,2810
1603,3662
1603,4129
1603,4323
1603,4330
1607,34
1607,58
1607,140
1607,170
1607,182
1607,189
1607,230
1607,231
1607,250
1607,396
1607,487
1607,571
1607,574
1607,575
1607,634
1607,673
1607,809
1607,902
1607,972
1607,1196
1607,1203
1607,1226
1607,1227
1607,1349
1607,1390
1607,1391
1607,1661
1607,1662
1607,1663
1607,1664
1607,1665
1607,1666
1607,1667
1607,1668
1607,1672
1607,1674
1607,2013
1607,2014
1607,2015
1607,2016
1607,2081
1607,2083
1607,2085
1607,2089
1607,2278
1607,2279
1607,2598
1607,2599
1607,2600
1607,2601
1607,2602
1607,2603
1607,2604
1607,2611
1607,3549
1607,3639
1607,3683
1607,3796
1607,3814
1607,3815
1607,3816
1607,3817
1607,4142
1607,4143
1607,4306
1607,4307
1607,4348
1607,4349
1607,4350
1607,4351
1607,4376
1607,4377
1607,4378
1607,4379
1608,44
1608,199
1608,321
1608,363
1608,505
1608,583
1608,584
1608,608
1608,609
1608,625
1608,626
1608,629
1608,653
1608,655
1608,656
1608,777
1608,778
1608,779
1608,780
1608,794
1608,799
1608,800
1608,801
1608,970
1608,1037
1608,1038
1608,1058
1608,1237
1608,1238
1608,1240
1608,1241
1608,1242
1608,1243
1608,1254
1608,1290
1608,1380
1608,1464
1608,1557
1608,1560
1608,1562
1608,1563
1608,1564
1608,1565
1608,1566
1608,1567
1608,1568
1608,1990
1608,2651
1608,2652
1608,2653
1608,2655
1608,2660
1608,2661
1608,3404
1608,3405
1608,3409
1608,3410
1608,3504
1608,3505
1608,3565
1608,3566
1608,3691
1608,3747
1608,3751
1608,3754
1608,3882
1608,3909
1608,4086
1608,4092
1608,4125
1608,4126
1608,4173
1608,4383
1609,74
1609,75
1609,76
1609,162
1609,261
1609,262
1609,280
1609,281
1609,308
1609,338
1609,377
1609,380
1609,401
1609,411
1609,434
1609,808
1609,817
1609,819
1609,823
1609,1033
1609,1034
1609,1035
1609,1281
1609,1282
1609,1283
1609,1284
1609,1289
1609,1302
1609,1303
1609,1326
1609,1327
1609,1328
1609,1329
1609,1334
1609,1335
1609,1336
1609,1337
1609,1338
1609,1339
1609,1381
1609,1454
1609,1458
1609,1460
1609,1461
1609,1511
1609,1573
1609,1574
1609,1628
1609,1647
1609,1648
1609,1650
1609,1652
1609,1653
1609,1683
1609,1685
1609,1686
1609,1687
1609,1688
1609,1689
1609,1690
1609,1691
1609,1692
1609,1693
1609,2001
1609,2009
1609,2010
1609,2011
1609,2012
1609,2214
1609,3548
1609,3568
1609,3569
1609,3573
1609,3574
1609,3577
1609,3578
1609,3626
1609,3742
1609,3743
1609,3745
1609,3757
1609,4184
1609,4194
1609,4354
1609,4359
1609,4364
1609,4365
1609,4366
1609,4367
1609,4368
1609,4369
1609,4370
1609,4371
1609,4429
1610,74
1610,75
1610,76
1610,162
1610,228
1610,261
1610,262
1610,280
1610,281
1610,308
1610,338
1610,377
1610,380
1610,401
1610,411
1610,434
1610,808
1610,817
1610,819
1610,823
1610,1033
1610,1034
1610,1035
1610,1281
1610,1282
1610,1283
1610,1284
1610,1289
1610,1302
1610,1303
1610,1326
1610,1327
1610,1328
1610,1329
1610,1334
1610,1335
1610,1336
1610,1337
1610,1338
1610,1339
1610,1381
1610,1458
1610,1460
1610,1461
1610,1511
1610,1573
1610,1574
1610,1628
1610,1647
1610,1650
1610,1652
1610,1653
1610,1683
1610,1685
1610,1686
1610,1687
1610,1688
1610,1689
1610,1690
1610,1691
1610,1692
1610,1693
1610,2001
1610,2009
1610,2010
1610,2011
1610,2012
1610,2214
1610,3548
1610,3568
1610,3569
1610,3573
1610,3574
1610,3577
1610,3578
1610,3626
1610,3742
1610,3743
1610,3745
1610,3757
1610,4184
1610,4194
1610,4354
1610,4359
1610,4364
1610,4365
1610,4366
1610,4367
1610,4368
1610,4369
1610,4370
1610,4371
1610,4429
1611,134
1611,135
1611,705
1611,706
1611,707
1611,714
1611,715
1611,716
1611,717
1611,723
1611,724
1611,840
1611,1355
1611,1359
1611,1360
1611,1362
1611,1582
1611,1583
1611,1584
1611,1592
1611,1593
1611,1594
1611,2326
1611,3017
1611,3024
1611,3829
1611,3833
1611,3834
1611,4419
1611,4567
1611,4568
1611,4569
1612,122
1612,129
1612,150
1612,181
1612,245
1612,470
1612,471
1612,625
1612,626
1612,777
1612,816
1612,970
1612,1036
1612,1039
1612,1040
1612,1056
1612,1057
1612,1101
1612,1102
1612,1103
1612,1115
1612,1123
1612,1134
1612,1204
1612,1243
1612,1245
1612,1246
1612,1255
1612,1256
1612,1272
1612,1307
1612,1308
1612,1309
1612,1380
1612,1465
1612,1466
1612,1467
1612,1558
1612,1559
1612,1561
1612,1562
1612,1631
1612,1707
1612,1954
1612,1991
1612,2027
1612,2028
1612,2029
1612,2031
1612,2201
1612,2202
1612,2310
1612,2645
1612,2646
1612,2647
1612,2650
1612,2654
1612,2656
1612,2657
1612,2660
1612,2661
1612,2662
1612,3354
1612,3355
1612,3356
1612,3361
1612,3365
1612,3369
1612,3400
1612,3401
1612,3403
1612,3413
1612,3414
1612,3504
1612,3505
1612,3567
1612,3570
1612,3724
1612,3727
1612,3756
1612,3845
1612,3859
1612,4048
1612,4051
1612,4216
1613,3
1613,26
1613,45
1613,378
1613,379
1613,599
1613,623
1613,881
1613,889
1613,890
1613,891
1613,892
1613,895
1613,896
1613,897
1613,898
1613,905
1613,907
1613,908
1613,909
1613,910
1613,1136
1613,1959
1613,2668
1613,3304
1613,3305
1613,3464
1613,3469
1613,3470
1613,3477
1613,3478
1613,3483
1613,3487
1613,3488
1613,3489
1613,3491
1613,3492
1613,3493
1613,3495
1613,3728
1613,3729
1613,3732
1613,3739
1613,3924
1613,4043
1613,4224
1613,4425
1613,4518
1613,4519
1613,4520
1614,593
1614,667
1614,668
1614,894
1614,895
1614,896
1614,897
1614,899
1614,906
1614,911
1614,912
1614,1207
1614,1742
1614,2020
1614,2667
1614,2668
1614,2669
1614,2670
1614,3276
1614,3282
1614,3283
1614,3313
1614,3316
1614,3317
1614,3319
1614,3617
1614,3618
1614,3728
1614,3729
1614,3739
1614,4043
1614,4095
1614,4096
1614,4097
1614,4223
1614,4400
1614,4425
1614,4468
1614,4524
1614,4527
1615,25
1615,27
1615,54
1615,116
1615,117
1615,118
1615,173
1615,397
1615,498
1615,500
1615,506
1615,771
1615,772
1615,786
1615,789
1615,918
1615,1340
1615,1406
1615,1407
1615,1408
1615,1409
1615,1410
1615,1413
1615,1416
1615,1417
1615,1418
1615,1419
1615,1420
1615,1421
1615,1424
1615,1425
1615,1426
1615,1430
1615,1431
1615,1433
1615,1470
1615,1471
1615,1472
1615,1474
1615,1476
1615,1478
1615,1600
1615,1654
1615,1655
1615,1680
1615,1681
1615,1682
1615,1729
1615,1730
1615,1732
1615,2746
1615,2747
1615,2757
1615,2760
1615,2765
1615,2766
1615,2767
1615,2771
1615,2772
1615,3247
1615,3248
1615,3249
1615,3253
1615,3257
1615,3258
1615,3259
1615,3263
1615,3270
1615,3642
1615,3774
1615,3797
1615,3908
1615,3988
1615,3989
1615,3990
1615,3991
1615,3992
1615,3993
1615,4463
1616,13
1616,14
1616,163
1616,260
1616,282
1616,283
1616,290
1616,291
1616,292
1616,293
1616,308
1616,446
1616,509
1616,511
1616,1035
1616,1304
1616,1330
1616,1331
1616,1333
1616,1427
1616,1450
1616,1451
1616,1452
1616,1453
1616,1454
1616,1462
1616,1612
1616,1644
1616,1645
1616,1646
1616,1647
1616,1648
1616,1649
1616,1650
1616,1651
1616,1652
1616,1653
1616,1656
1616,1657
1616,1658
1616,1659
1616,1660
1616,1685
1616,1740
1616,2012
1616,2155
1616,2156
1616,2744
1616,2745
1616,2751
1616,2752
1616,2758
1616,2759
1616,2768
1616,2774
1616,2775
1616,2935
1616,3180
1616,3181
1616,3182
1616,3183
1616,3184
1616,3186
1616,3187
1616,3188
1616,3843
1616,4033
1616,4194
1616,4202
1616,4209
1616,4214
1616,4331
1616,4360
1616,4361
1616,4362
1616,4363
1616,4399
1616,4429
1616,4451
1616,4454
1616,4455
1616,4470
1616,4471
1616,4550
1617,21
1617,89
1617,90
1617,109
1617,430
1617,475
1617,758
1617,759
1617,760
1617,767
1617,828
1617,829
1617,830
1617,948
1617,949
1617,959
1617,960
1617,961
1617,989
1617,994
1617,995
1617,996
1617,1006
1617,1017
1617,1018
1617,1081
1617,1178
1617,1179
1617,1180
1617,1181
1617,1265
1617,1635
1617,1741
1617,1974
1617,1994
1617,1995
1617,2106
1617,2204
1617,2292
1617,2295
1617,2305
1617,2342
1617,2343
1617,2344
1617,2345
1617,2346
1617,2912
1617,2913
1617,2921
1617,3512
1617,3513
1617,3542
1617,3603
1617,3607
1617,3631
1617,3646
1617,3663
1617,3665
1617,3666
1617,3875
1617,3883
1617,4077
1617,4078
1617,4207
1617,4269
1617,4431
1617,4432
1617,4443
1617,4444
1617,4445
1617,4562
1618,43
1618,268
1618,474
1618,838
1618,1185
1618,1186
1618,1399
1618,2165
1618,2347
1618,2348
1618,2349
1618,2350
1618,2351
1618,2357
1618,2358
1618,2359
1618,2360
1618,2361
1618,2362
1618,2363
1618,2364
1618,2365
1618,2366
1618,2367
1618,2877
1618,2878
1618,2879
1618,2887
1618,2888
1618,2890
1618,2891
1618,3523
1618,3524
1618,4174
1618,4175
1618,4176
1618,4177
1618,4178
1618,4179
1618,4589
1618,4590
1618,4595
1618,4596
1619,12
1619,145
1619,285
1619,343
1619,503
1619,566
1619,670
1619,671
1619,675
1619,676
1619,677
1619,678
1619,680
1619,681
1619,683
1619,686
1619,687
1619,851
1619,869
1619,922
1619,924
1619,933
1619,1116
1619,1175
1619,1176
1619,1234
1619,1235
1619,2120
1619,2121
1619,2122
1619,2123
1619,2167
1619,2169
1619,2182
1619,2248
1619,2324
1619,2372
1619,2373
1619,2380
1619,2432
1619,2433
1619,2963
1619,2964
1619,2976
1619,2977
1619,2978
1619,2979
1619,3343
1619,3346
1619,3347
1619,3350
1619,4049
1619,4327
1619,4406
1619,4407
1620,188
1620,288
1620,343
1620,492
1620,595
1620,596
1620,597
1620,859
1620,860
1620,862
1620,865
1620,871
1620,872
1620,873
1620,874
1620,2054
1620,2374
1620,2375
1620,2376
1620,2377
1620,2963
1620,2988
1620,3289
1620,3292
1620,3294
1620,3297
1620,3318
1620,3321
1620,3344
1620,3345
1620,3673
1620,3873
1620,4305
1621,74
1621,75
1621,76
1621,162
1621,228
1621,261
1621,262
1621,280
1621,281
1621,308
1621,338
1621,377
1621,380
1621,401
1621,411
1621,434
1621,808
1621,817
1621,819
1621,823
1621,1033
1621,1034
1621,1035
1621,1281
1621,1282
1621,1283
1621,1284
1621,1289
1621,1302
1621,1303
1621,1326
1621,1327
1621,1328
1621,1329
1621,1334
1621,1335
1621,1336
1621,1337
1621,1338
1621,1339
1621,1381
1621,1458
1621,1460
1621,1461
1621,1511
1621,1573
1621,1574
1621,1628
1621,1647
1621,1650
1621,1652
1621,1653
1621,1683
1621,1685
1621,1686
1621,1687
1621,1688
1621,1689
1621,1690
1621,1691
1621,1692
1621,1693
1621,2001
1621,2009
1621,2010
1621,2011
1621,2012
1621,2214
1621,3548
1621,3568
1621,3569
1621,3573
1621,3574
1621,3577
1621,3578
1621,3626
1621,3742
1621,3743
1621,3745
1621,3757
1621,4184
1621,4194
1621,4354
1621,4359
1621,4364
1621,4365
1621,4366
1621,4367
1621,4368
1621,4369
1621,4370
1621,4371
1621,4429
1622,923
1622,2720
1622,2721
1622,2725
1622,2736
1622,3788
1622,3914
1622,3946
1622,3953
1622,3961
1622,4006
1622,4308
1622,4309
1622,4310
1622,4387
1622,4474
1623,901
1623,1829
1623,1832
1623,2576
1623,2577
1623,4208
1623,4603
1624,258
1624,270
1624,497
1624,1049
1624,1050
1624,1202
1624,1940
1624,2262
1624,2263
1624,2330
1624,2354
1624,2355
1624,2356
1624,2368
1624,2369
1624,2370
1624,2858
1624,2860
1624,2944
1624,3658
1624,3659
1624,3660
1624,3661
1624,4079
1624,4485
1624,4576
1624,4577
1624,4578
1624,4579
1624,4580
1624,4597
1625,55
1625,66
1625,153
1625,156
1625,157
1625,158
1625,159
1625,174
1625,209
1625,213
1625,225
1625,226
1625,317
1625,350
1625,351
1625,352
1625,353
1625,400
1625,436
1625,437
1625,438
1625,439
1625,440
1625,459
1625,488
1625,530
1625,531
1625,567
1625,568
1625,600
1625,661
1625,747
1625,803
1625,804
1625,978
1625,979
1625,980
1625,981
1625,982
1625,1026
1625,1027
1625,1028
1625,1042
1625,1059
1625,1177
1625,1183
1625,1184
1625,1188
1625,1225
1625,1244
1625,1247
1625,1323
1625,1341
1625,1347
1625,1531
1625,1532
1625,1533
1625,1534
1625,1611
1625,1957
1625,1958
1625,1973
1625,1987
1625,1988
1625,2052
1625,2053
1625,2095
1625,2306
1625,2597
1625,2802
1625,3383
1625,3384
1625,3391
1625,3402
1625,3406
1625,3408
1625,3411
1625,3412
1625,3415
1625,3553
1625,3559
1625,3564
1625,3580
1625,3586
1625,3593
1625,3624
1625,3634
1625,3686
1625,3801
1625,3847
1625,3860
1625,3861
1625,3862
1625,3863
1625,3864
1625,3865
1625,3866
1625,3867
1625,4005
1625,4034
1625,4035
1625,4197
1625,4311
1625,4416
1625,4546
1625,4552
1625,4553
1626,37
1626,38
1626,659
1626,1041
1626,1060
1626,2030
1626,2033
1626,2037
1626,2043
1626,2044
1626,2048
1626,2055
1626,2060
1626,2061
1626,2062
1626,2063
1626,2064
1626,2065
1626,2066
1626,2075
1626,2147
1626,2713
1626,2734
1626,2738
1626,3013
1626,3903
1626,3904
1626,3936
1626,3937
1626,3939
1626,3952
1626,4198
1627,54
1627,77
1627,78
1627,113
1627,114
1627,117
1627,183
1627,240
1627,309
1627,310
1627,311
1627,312
1627,313
1627,314
1627,325
1627,337
1627,374
1627,375
1627,427
1627,461
1627,499
1627,502
1627,506
1627,507
1627,517
1627,528
1627,666
1627,765
1627,766
1627,783
1627,784
1627,785
1627,792
1627,793
1627,824
1627,841
1627,968
1627,1054
1627,1117
1627,1249
1627,1251
1627,1252
1627,1253
1627,1261
1627,1262
1627,1273
1627,1274
1627,1275
1627,1277
1627,1434
1627,1435
1627,1468
1627,1469
1627,1470
1627,1471
1627,1473
1627,1474
1627,1475
1627,1476
1627,1477
1627,1479
1627,1654
1627,1655
1627,1697
1627,1698
1627,1699
1627,1700
1627,1701
1627,1702
1627,1703
1627,1704
1627,1731
1627,1733
1627,1971
1627,1972
1627,2136
1627,2137
1627,2138
1627,2139
1627,2140
1627,2141
1627,2142
1627,2143
1627,2144
1627,2145
1627,2146
1627,3254
1627,3259
1627,3270
1627,3382
1627,3386
1627,3508
1627,3509
1627,3511
1627,3550
1627,3597
1627,3761
1627,3762
1627,3766
1627,3767
1627,3774
1627,3778
1627,3821
1627,3844
1627,3923
1627,4045
1627,4124
1627,4218
1627,4219
1627,4220
1627,4229
1627,4230
1627,4231
1627,4544
1627,4545
1627,4610
4001,17
4001,208
4001,254
4001,428
4001,429
4001,489
4001,769
4001,846
4001,976
4001,977
4001,1075
4001,1076
4001,1077
4001,1147
4001,1312
4001,1313
4001,1315
4001,1316
4001,1317
4001,1530
4001,1943
4001,2150
4001,2151
4001,2152
4001,2153
4001,2315
4001,2316
4001,2434
4001,2435
4001,2444
4001,2445
4001,2446
4001,2627
4001,2784
4001,3152
4001,3153
4001,3155
4001,3635
4001,3637
4001,3638
4001,3654
4001,4041
4001,4150
4001,4151
4001,4152
4001,4153
4001,4154
4001,4155
4001,4156
4001,4157
4001,4289
4001,4426
4002,59
4002,60
4002,149
4002,212
4002,483
4002,501
4002,504
4002,746
4002,754
4002,810
4002,1032
4002,1061
4002,1062
4002,1064
4002,1066
4002,1383
4002,1384
4002,1387
4002,1978
4002,1979
4002,1982
4002,1983
4002,2309
4002,2785
4002,2786
4002,2787
4002,2789
4002,2790
4002,2791
4002,2794
4002,2797
4002,2798
4002,2803
4002,2804
4002,2805
4002,2806
4002,3527
4002,3528
4002,3529
4002,3530
4002,3531
4002,3533
4002,3608
4002,3681
4002,3682
4002,3746
4002,3791
4002,4039
4002,4052
4002,4053
4002,4054
4002,4100
4002,4132
4002,4139
4002,4140
4002,4141
4002,4142
4002,4143
4002,4170
4002,4187
4002,4188
4002,4189
4002,4190
4002,4191
4002,4201
4003,46
4003,164
4003,165
4003,169
4003,603
4003,604
4003,605
4003,615
4003,616
4003,807
4003,941
4003,1014
4003,1016
4003,1021
4003,1350
4003,1353
4003,1535
4003,1760
4003,1766
4003,1767
4003,1776
4003,1777
4003,1782
4003,1797
4003,1798
4003,1844
4003,1845
4003,1847
4003,1848
4003,1859
4003,1866
4003,1874
4003,1879
4003,1941
4003,1944
4003,1945
4003,1953
4003,2386
4003,2494
4003,2495
4003,2503
4003,2504
4003,2508
4003,2509
4003,2525
4003,2528
4003,2529
4003,2530
4003,2531
4003,2532
4003,2535
4003,2837
4003,2936
4003,3532
4003,3790
4003,3792
4003,3798
4003,4032
4003,4131
4003,4133
4003,4398
4003,4540
4004,98
4004,120
4004,286
4004,301
4004,327
4004,362
4004,424
4004,593
4004,601
4004,649
4004,662
4004,664
4004,749
4004,750
4004,900
4004,913
4004,914
4004,915
4004,919
4004,920
4004,921
4004,1696
4004,1700
4004,1705
4004,1706
4004,1710
4004,1711
4004,1712
4004,1713
4004,2161
4004,2301
4004,2302
4004,2675
4004,2761
4004,2763
4004,2769
4004,3332
4004,3333
4004,3385
4004,3389
4004,3390
4004,3393
4004,3394
4004,3398
4004,3558
4004,3561
4004,3616
4004,4072
4004,4097
4004,4098
4004,4215
4004,4221
4004,4222
4004,4226
4004,4227
4004,4228
4004,4229
4004,4319
4004,4400
4004,4606
4005,30
4005,77
4005,78
4005,113
4005,114
4005,117
4005,183
4005,240
4005,259
4005,309
4005,310
4005,311
4005,312
4005,313
4005,314
4005,325
4005,337
4005,374
4005,375
4005,409
4005,427
4005,461
4005,491
4005,499
4005,502
4005,506
4005,507
4005,517
4005,528
4005,666
4005,765
4005,766
4005,783
4005,784
4005,792
4005,793
4005,802
4005,824
4005,841
4005,968
4005,1054
4005,1117
4005,1129
4005,1249
4005,1251
4005,1252
4005,1253
4005,1261
4005,1262
4005,1273
4005,1274
4005,1275
4005,1276
4005,1277
4005,1434
4005,1435
4005,1468
4005,1469
4005,1471
4005,1473
4005,1475
4005,1476
4005,1477
4005,1479
4005,1500
4005,1503
4005,1654
4005,1655
4005,1698
4005,1699
4005,1701
4005,1702
4005,1703
4005,1704
4005,1731
4005,1733
4005,1971
4005,1972
4005,2103
4005,2104
4005,2136
4005,2137
4005,2138
4005,2139
4005,2140
4005,2141
4005,2142
4005,2143
4005,2144
4005,2145
4005,2146
4005,3254
4005,3255
4005,3259
4005,3260
4005,3270
4005,3274
4005,3275
4005,3386
4005,3508
4005,3509
4005,3550
4005,3597
4005,3761
4005,3762
4005,3766
4005,3767
4005,3772
4005,3773
4005,3774
4005,3778
4005,3821
4005,3923
4005,4045
4005,4124
4005,4181
4005,4182
4005,4212
4005,4218
4005,4219
4005,4230
4005,4231
4005,4544
4005,4545
4005,4610
4006,47
4006,79
4006,80
4006,81
4006,94
4006,102
4006,103
4006,104
4006,152
4006,153
4006,156
4006,157
4006,158
4006,159
4006,174
4006,209
4006,225
4006,226
4006,317
4006,323
4006,324
4006,328
4006,344
4006,399
4006,400
4006,459
4006,460
4006,488
4006,529
4006,530
4006,531
4006,532
4006,533
4006,534
4006,537
4006,538
4006,539
4006,543
4006,546
4006,550
4006,567
4006,568
4006,600
4006,650
4006,665
4006,747
4006,978
4006,1024
4006,1026
4006,1027
4006,1028
4006,1029
4006,1042
4006,1045
4006,1046
4006,1059
4006,1167
4006,1177
4006,1183
4006,1184
4006,1259
4006,1260
4006,1323
4006,1325
4006,1341
4006,1347
4006,1502
4006,1505
4006,1531
4006,1534
4006,1611
4006,1728
4006,1736
4006,1737
4006,1739
4006,1757
4006,1957
4006,1973
4006,1987
4006,1988
4006,2095
4006,2096
4006,2101
4006,2306
4006,2320
4006,2321
4006,2431
4006,2596
4006,2597
4006,2648
4006,3271
4006,3381
4006,3383
4006,3384
4006,3391
4006,3392
4006,3395
4006,3396
4006,3402
4006,3406
4006,3408
4006,3411
4006,3412
4006,3553
4006,3559
4006,3586
4006,3593
4006,3624
4006,3629
4006,3634
4006,3686
4006,3714
4006,3716
4006,3719
4006,3777
4006,3801
4006,3860
4006,3861
4006,3862
4006,3863
4006,3864
4006,3865
4006,3866
4006,3867
4006,4002
4006,4003
4006,4004
4006,4005
4006,4197
4006,4311
4006,4321
4006,4415
4006,4416
4006,4453
4006,4546
4006,4552
4006,4575
4007,40
4007,56
4007,66
4007,110
4007,148
4007,153
4007,156
4007,157
4007,158
4007,159
4007,160
4007,209
4007,213
4007,225
4007,226
4007,317
4007,350
4007,351
4007,352
4007,353
4007,400
4007,436
4007,437
4007,438
4007,439
4007,440
4007,459
4007,488
4007,530
4007,531
4007,552
4007,567
4007,568
4007,569
4007,600
4007,650
4007,660
4007,661
4007,690
4007,747
4007,803
4007,804
4007,966
4007,967
4007,978
4007,979
4007,980
4007,981
4007,982
4007,983
4007,1026
4007,1027
4007,1028
4007,1031
4007,1042
4007,1059
4007,1154
4007,1155
4007,1157
4007,1160
4007,1177
4007,1183
4007,1184
4007,1188
4007,1206
4007,1221
4007,1225
4007,1239
4007,1244
4007,1247
4007,1323
4007,1341
4007,1531
4007,1532
4007,1533
4007,1534
4007,1611
4007,1669
4007,1671
4007,1673
4007,1677
4007,1957
4007,1958
4007,1973
4007,1987
4007,1988
4007,2052
4007,2053
4007,2095
4007,2306
4007,2308
4007,2597
4007,3402
4007,3406
4007,3408
4007,3411
4007,3412
4007,3415
4007,3564
4007,3580
4007,3586
4007,3593
4007,3624
4007,3634
4007,3686
4007,3690
4007,3801
4007,3847
4007,3860
4007,3861
4007,3862
4007,3863
4007,3864
4007,3866
4007,3867
4007,4005
4007,4034
4007,4035
4007,4197
4007,4283
4007,4284
4007,4311
4007,4384
4007,4416
4007,4453
4007,4546
4007,4552
4007,4553
4008,125
4008,512
4008,940
4008,1092
4008,1093
4008,1094
4008,1095
4008,1096
4008,1097
4008,1211
4008,1738
4008,2094
4008,2186
4008,2190
4008,2191
4008,2415
4008,2683
4008,2703
4008,2957
4008,2980
4008,2981
4008,2989
4008,2990
4008,2997
4008,2998
4008,3362
4008,3363
4008,3958
4008,4112
4008,4211
4008,4326
4008,4401
4008,4402
4008,4403
4008,4404
4008,4405
4008,4409
4008,4410
4009,47
4009,79
4009,80
4009,94
4009,102
4009,103
4009,104
4009,152
4009,153
4009,156
4009,157
4009,158
4009,159
4009,174
4009,209
4009,225
4009,226
4009,317
4009,323
4009,324
4009,328
4009,344
4009,399
4009,400
4009,459
4009,460
4009,488
4009,529
4009,530
4009,531
4009,532
4009,533
4009,534
4009,537
4009,539
4009,546
4009,550
4009,567
4009,568
4009,600
4009,650
4009,665
4009,747
4009,978
4009,1024
4009,1026
4009,1027
4009,1028
4009,1029
4009,1042
4009,1045
4009,1046
4009,1059
4009,1167
4009,1177
4009,1183
4009,1184
4009,1259
4009,1260
4009,1323
4009,1325
4009,1341
4009,1347
4009,1502
4009,1505
4009,1531
4009,1534
4009,1611
4009,1728
4009,1736
4009,1737
4009,1739
4009,1757
4009,1957
4009,1973
4009,1987
4009,1988
4009,2095
4009,2096
4009,2306
4009,2320
4009,2321
4009,2431
4009,2596
4009,2597
4009,2648
4009,3271
4009,3381
4009,3383
4009,3384
4009,3391
4009,3392
4009,3395
4009,3396
4009,3402
4009,3406
4009,3408
4009,3411
4009,3412
4009,3553
4009,3559
4009,3586
4009,3593
4009,3624
4009,3629
4009,3634
4009,3686
4009,3714
4009,3716
4009,3719
4009,3777
4009,3801
4009,3860
4009,3861
4009,3862
4009,3863
4009,3864
4009,3865
4009,3866
4009,3867
4009,4002
4009,4003
4009,4004
4009,4005
4009,4197
4009,4311
4009,4321
4009,4415
4009,4416
4009,4453
4009,4546
4009,4552
4009,4575
4010,1
4010,41
4010,55
4010,95
4010,114
4010,115
4010,174
4010,259
4010,298
4010,322
4010,323
4010,350
4010,351
4010,353
4010,409
4010,410
4010,460
4010,491
4010,761
4010,773
4010,774
4010,775
4010,788
4010,790
4010,791
4010,799
4010,800
4010,801
4010,802
4010,803
4010,1054
4010,1347
4010,1348
4010,1500
4010,1501
4010,1502
4010,1503
4010,1504
4010,1505
4010,1531
4010,1532
4010,1533
4010,1534
4010,1971
4010,1973
4010,2102
4010,2103
4010,2104
4010,2306
4010,2802
4010,3266
4010,3383
4010,3384
4010,3387
4010,3388
4010,3391
4010,3395
4010,3396
4010,3407
4010,3408
4010,3409
4010,3410
4010,3411
4010,3412
4010,3415
4010,3552
4010,3553
4010,3559
4010,3772
4010,3773
4010,3777
4010,3820
4010,3821
4010,3847
4010,3909
4010,4087
4010,4173
4010,4181
4010,4182
4010,4212
4010,4217
4010,4311
4011,66
4011,79
4011,80
4011,94
4011,102
4011,103
4011,152
4011,153
4011,156
4011,157
4011,158
4011,159
4011,174
4011,209
4011,225
4011,226
4011,317
4011,323
4011,324
4011,328
4011,344
4011,399
4011,400
4011,459
4011,460
4011,488
4011,529
4011,530
4011,531
4011,532
4011,534
4011,567
4011,568
4011,600
4011,650
4011,747
4011,978
4011,980
4011,1024
4011,1026
4011,1027
4011,1028
4011,1042
4011,1045
4011,1046
4011,1059
4011,1167
4011,1177
4011,1183
4011,1184
4011,1260
4011,1323
4011,1325
4011,1341
4011,1347
4011,1502
4011,1505
4011,1531
4011,1532
4011,1533
4011,1534
4011,1611
4011,1728
4011,1736
4011,1737
4011,1739
4011,1757
4011,1957
4011,1973
4011,1987
4011,1988
4011,2053
4011,2095
4011,2096
4011,2306
4011,2320
4011,2321
4011,2431
4011,2597
4011,2648
4011,3271
4011,3381
4011,3383
4011,3384
4011,3391
4011,3392
4011,3395
4011,3396
4011,3402
4011,3406
4011,3408
4011,3411
4011,3412
4011,3553
4011,3559
4011,3586
4011,3593
4011,3624
4011,3629
4011,3634
4011,3686
4011,3714
4011,3716
4011,3777
4011,3801
4011,3847
4011,3860
4011,3861
4011,3862
4011,3863
4011,3864
4011,3865
4011,3866
4011,3867
4011,4002
4011,4003
4011,4004
4011,4005
4011,4197
4011,4311
4011,4321
4011,4415
4011,4416
4011,4453
4011,4546
4011,4552
4011,4575
4012,34
4012,58
4012,141
4012,149
4012,182
4012,212
4012,230
4012,394
4012,483
4012,487
4012,501
4012,504
4012,725
4012,754
4012,810
4012,1032
4012,1061
4012,1062
4012,1064
4012,1066
4012,1121
4012,1196
4012,1382
4012,1383
4012,1384
4012,1385
4012,1386
4012,1387
4012,1388
4012,1389
4012,1390
4012,1391
4012,1541
4012,1542
4012,1543
4012,1544
4012,1545
4012,1661
4012,1662
4012,1663
4012,1664
4012,1665
4012,1667
4012,1668
4012,1978
4012,1979
4012,2303
4012,2442
4012,2449
4012,2450
4012,2451
4012,2452
4012,2453
4012,2454
4012,2599
4012,2604
4012,2611
4012,2626
4012,2628
4012,2630
4012,2631
4012,2637
4012,2638
4012,2641
4012,2642
4012,2803
4012,2804
4012,2805
4012,2806
4012,3527
4012,3533
4012,3536
4012,3608
4012,3609
4012,3683
4012,3717
4012,3746
4012,4039
4012,4052
4012,4053
4012,4054
4012,4100
4012,4132
4012,4140
4012,4141
4012,4142
4012,4143
4012,4170
4012,4190
4012,4191
4012,4201
4012,4306
4012,4307
4012,4332
4012,4340
4012,4341
4012,4342
4012,4346
4012,4347
4012,4348
4012,4349
4012,4350
4012,4351
4012,4376
4012,4385
4012,4565
